state,state_AB,year,state_year,treat,ban_policy,ban_year,total_suicide,gender,median_income,crime_rate,diversity,median_age,pol_aff,education_rate
Alabama,AL,2005,AL2005,0,0,0,11.700,,,,,,,
Alaska,AK,2005,AK2005,0,0,0,19.600,,,,,,,
Arizona,AZ,2005,AZ2005,0,0,0,16.200,,,,,,,
Arkansas,AR,2005,AR2005,0,0,0,14.400,,,,,,,
California,CA,2005,CA2005,1,0,2013,8.900,,,,,,,
Colorado,CO,2005,CO2005,1,0,2019,17.200,,,,,,,
Connecticut,CT,2005,CT2005,1,0,2017,8.400,,,,,,,
Delaware,DE,2005,DE2005,1,0,2018,9.800,,,,,,,
Florida,FL,2005,FL2005,0,0,0,13.100,,,,,,,
Georgia,GA,2005,GA2005,0,0,0,10.400,,,,,,,
Hawaii,HI,2005,HI2005,1,0,2018,8.300,,,,,,,
Idaho,ID,2005,ID2005,0,0,0,16.000,,,,,,,
Illinois,IL,2005,IL2005,1,0,2016,8.600,,,,,,,
Indiana,IN,2005,IN2005,0,0,0,11.900,,,,,,,
Iowa,IA,2005,IA2005,0,0,0,11.200,,,,,,,
Kansas,KS,2005,KS2005,0,0,0,13.100,,,,,,,
Kentucky,KY,2005,KY2005,0,0,0,13.500,,,,,,,
Louisiana,LA,2005,LA2005,0,0,0,11.000,,,,,,,
Maine,ME,2005,ME2005,1,0,2019,13.300,,,,,,,
Maryland,MD,2005,MD2005,1,0,2018,8.400,,,,,,,
Massachusetts,MA,2005,MA2005,1,0,2019,7.500,,,,,,,
Michigan,MI,2005,MI2005,0,0,0,11.000,,,,,,,
Mississippi,MS,2005,MS2005,0,0,0,12.500,,,,,,,
Missouri,MO,2005,MO2005,0,0,0,12.500,,,,,,,
Montana,MT,2005,MT2005,0,0,0,21.900,,,,,,,
Nebraska,NE,2005,NE2005,0,0,0,10.600,,,,,,,
Nevada,NV,2005,NV2005,1,0,2018,19.700,,,,,,,
New Hampshire,NH,2005,NH2005,1,0,2019,12.500,,,,,,,
New Jersey,NJ,2005,NJ2005,1,0,2013,6.200,,,,,,,
New Mexico,NM,2005,NM2005,1,0,2017,17.600,,,,,,,
New York,NY,2005,NY2005,1,0,2019,6.200,,,,,,,
North Carolina,NC,2005,NC2005,0,0,0,11.600,,,,,,,
Ohio,OH,2005,OH2005,0,0,0,11.700,,,,,,,
Oklahoma,OK,2005,OK2005,0,0,0,14.500,,,,,,,
Oregon,OR,2005,OR2005,1,0,2015,15.500,,,,,,,
Pennsylvania,PA,2005,PA2005,0,0,0,11.500,,,,,,,
Rhode Island,RI,2005,RI2005,1,0,2017,6.600,,,,,,,
South Carolina,SC,2005,SC2005,0,0,0,11.900,,,,,,,
South Dakota,SD,2005,SD2005,0,0,0,15.600,,,,,,,
Tennessee,TN,2005,TN2005,0,0,0,14.300,,,,,,,
Texas,TX,2005,TX2005,0,0,0,10.600,,,,,,,
Vermont,VT,2005,VT2005,1,0,2016,12.400,,,,,,,
Washington,WA,2005,WA2005,1,0,2018,13.100,,,,,,,
West Virginia,WV,2005,WV2005,0,0,0,14.000,,,,,,,
Wyoming,WY,2005,WY2005,0,0,0,17.500,,,,,,,
Alabama,AL,2006,AL2006,0,0,0,12.500,,,,,,,
Alaska,AK,2006,AK2006,0,0,0,20.000,,,,,,,
Arizona,AZ,2006,AZ2006,0,0,0,16.200,,,,,,,
Arkansas,AR,2006,AR2006,0,0,0,13.100,,,,,,,
California,CA,2006,CA2006,1,0,2013,9.200,,,,,,,
Colorado,CO,2006,CO2006,1,0,2019,15.500,,,,,,,
Connecticut,CT,2006,CT2006,1,0,2017,8.300,,,,,,,
Delaware,DE,2006,DE2006,1,0,2018,10.500,,,,,,,
Florida,FL,2006,FL2006,0,0,0,13.400,,,,,,,
Georgia,GA,2006,GA2006,0,0,0,10.100,,,,,,,
Hawaii,HI,2006,HI2006,1,0,2018,9.200,,,,,,,
Idaho,ID,2006,ID2006,0,0,0,15.100,,,,,,,
Illinois,IL,2006,IL2006,1,0,2016,8.000,,,,,,,
Indiana,IN,2006,IN2006,0,0,0,13.000,,,,,,,
Iowa,IA,2006,IA2006,0,0,0,11.200,,,,,,,
Kansas,KS,2006,KS2006,0,0,0,13.700,,,,,,,
Kentucky,KY,2006,KY2006,0,0,0,14.700,,,,,,,
Louisiana,LA,2006,LA2006,0,0,0,11.400,,,,,,,
Maine,ME,2006,ME2006,1,0,2019,11.900,,,,,,,
Maryland,MD,2006,MD2006,1,0,2018,8.800,,,,,,,
Massachusetts,MA,2006,MA2006,1,0,2019,7.000,,,,,,,
Michigan,MI,2006,MI2006,0,0,0,11.300,,,,,,,
Mississippi,MS,2006,MS2006,0,0,0,11.200,,,,,,,
Missouri,MO,2006,MO2006,0,0,0,13.600,,,,,,,
Montana,MT,2006,MT2006,0,0,0,19.800,,,,,,,
Nebraska,NE,2006,NE2006,0,0,0,11.400,,,,,,,
Nevada,NV,2006,NV2006,1,0,2018,19.200,,,,,,,
New Hampshire,NH,2006,NH2006,1,0,2019,11.500,,,,,,,
New Jersey,NJ,2006,NJ2006,1,0,2013,6.700,,,,,,,
New Mexico,NM,2006,NM2006,1,0,2017,17.900,,,,,,,
New York,NY,2006,NY2006,1,0,2019,6.900,,,,,,,
North Carolina,NC,2006,NC2006,0,0,0,12.300,,,,,,,
Ohio,OH,2006,OH2006,0,0,0,11.500,,,,,,,
Oklahoma,OK,2006,OK2006,0,0,0,14.900,,,,,,,
Oregon,OR,2006,OR2006,1,0,2015,15.700,,,,,,,
Pennsylvania,PA,2006,PA2006,0,0,0,11.100,,,,,,,
Rhode Island,RI,2006,RI2006,1,0,2017,8.500,,,,,,,
South Carolina,SC,2006,SC2006,0,0,0,12.000,,,,,,,
South Dakota,SD,2006,SD2006,0,0,0,16.000,,,,,,,
Tennessee,TN,2006,TN2006,0,0,0,14.300,,,,,,,
Texas,TX,2006,TX2006,0,0,0,10.000,,,,,,,
Vermont,VT,2006,VT2006,1,0,2016,13.000,,,,,,,
Washington,WA,2006,WA2006,1,0,2018,12.700,,,,,,,
West Virginia,WV,2006,WV2006,0,0,0,14.500,,,,,,,
Wyoming,WY,2006,WY2006,0,0,0,22.200,,,,,,,
Alabama,AL,2007,AL2007,0,0,0,12.700,,,,,,,
Alaska,AK,2007,AK2007,0,0,0,21.900,,,,,,,
Arizona,AZ,2007,AZ2007,0,0,0,16.500,,,,,,,
Arkansas,AR,2007,AR2007,0,0,0,14.100,,,,,,,
California,CA,2007,CA2007,1,0,2013,9.900,,,,,,,
Colorado,CO,2007,CO2007,1,0,2019,16.900,,,,,,,
Connecticut,CT,2007,CT2007,1,0,2017,7.700,,,,,,,
Delaware,DE,2007,DE2007,1,0,2018,10.900,,,,,,,
Florida,FL,2007,FL2007,0,0,0,14.100,,,,,,,
Georgia,GA,2007,GA2007,0,0,0,10.700,,,,,,,
Hawaii,HI,2007,HI2007,1,0,2018,10.100,,,,,,,
Idaho,ID,2007,ID2007,0,0,0,14.800,,,,,,,
Illinois,IL,2007,IL2007,1,0,2016,8.700,,,,,,,
Indiana,IN,2007,IN2007,0,0,0,12.400,,,,,,,
Iowa,IA,2007,IA2007,0,0,0,10.700,,,,,,,
Kansas,KS,2007,KS2007,0,0,0,13.700,,,,,,,
Kentucky,KY,2007,KY2007,0,0,0,15.200,,,,,,,
Louisiana,LA,2007,LA2007,0,0,0,11.900,,,,,,,
Maine,ME,2007,ME2007,1,0,2019,14.300,,,,,,,
Maryland,MD,2007,MD2007,1,0,2018,9.100,,,,,,,
Massachusetts,MA,2007,MA2007,1,0,2019,8.000,,,,,,,
Michigan,MI,2007,MI2007,0,0,0,11.300,,,,,,,
Mississippi,MS,2007,MS2007,0,0,0,13.500,,,,,,,
Missouri,MO,2007,MO2007,0,0,0,13.700,,,,,,,
Montana,MT,2007,MT2007,0,0,0,20.300,,,,,,,
Nebraska,NE,2007,NE2007,0,0,0,10.100,,,,,,,
Nevada,NV,2007,NV2007,1,0,2018,18.100,,,,,,,
New Hampshire,NH,2007,NH2007,1,0,2019,12.000,,,,,,,
New Jersey,NJ,2007,NJ2007,1,0,2013,6.800,,,,,,,
New Mexico,NM,2007,NM2007,1,0,2017,20.200,,,,,,,
New York,NY,2007,NY2007,1,0,2019,7.300,,,,,,,
North Carolina,NC,2007,NC2007,0,0,0,11.800,,,,,,,
Ohio,OH,2007,OH2007,0,0,0,11.200,,,,,,,
Oklahoma,OK,2007,OK2007,0,0,0,14.600,,,,,,,
Oregon,OR,2007,OR2007,1,0,2015,15.800,,,,,,,
Pennsylvania,PA,2007,PA2007,0,0,0,11.400,,,,,,,
Rhode Island,RI,2007,RI2007,1,0,2017,9.100,,,,,,,
South Carolina,SC,2007,SC2007,0,0,0,11.900,,,,,,,
South Dakota,SD,2007,SD2007,0,0,0,12.600,,,,,,,
Tennessee,TN,2007,TN2007,0,0,0,13.600,,,,,,,
Texas,TX,2007,TX2007,0,0,0,10.200,,,,,,,
Vermont,VT,2007,VT2007,1,0,2016,14.300,,,,,,,
Washington,WA,2007,WA2007,1,0,2018,13.300,,,,,,,
West Virginia,WV,2007,WV2007,0,0,0,16.400,,,,,,,
Wyoming,WY,2007,WY2007,0,0,0,18.900,,,,,,,
Alabama,AL,2008,AL2008,0,0,0,12.800,,,,,,,
Alaska,AK,2008,AK2008,0,0,0,24.600,,,,,,,
Arizona,AZ,2008,AZ2008,0,0,0,15.500,,,,,,,
Arkansas,AR,2008,AR2008,0,0,0,15.500,,,,,,,
California,CA,2008,CA2008,1,0,2013,10.300,,,,,,,
Colorado,CO,2008,CO2008,1,0,2019,16.400,,,,,,,
Connecticut,CT,2008,CT2008,1,0,2017,8.900,,,,,,,
Delaware,DE,2008,DE2008,1,0,2018,12.300,,,,,,,
Florida,FL,2008,FL2008,0,0,0,14.800,,,,,,,
Georgia,GA,2008,GA2008,0,0,0,10.300,,,,,,,
Hawaii,HI,2008,HI2008,1,0,2018,10.000,,,,,,,
Idaho,ID,2008,ID2008,0,0,0,16.400,,,,,,,
Illinois,IL,2008,IL2008,1,0,2016,9.400,,,,,,,
Indiana,IN,2008,IN2008,0,0,0,12.600,,,,,,,
Iowa,IA,2008,IA2008,0,0,0,12.600,,,,,,,
Kansas,KS,2008,KS2008,0,0,0,12.000,,,,,,,
Kentucky,KY,2008,KY2008,0,0,0,14.200,,,,,,,
Louisiana,LA,2008,LA2008,0,0,0,12.000,,,,,,,
Maine,ME,2008,ME2008,1,0,2019,13.600,,,,,,,
Maryland,MD,2008,MD2008,1,0,2018,8.800,,,,,,,
Massachusetts,MA,2008,MA2008,1,0,2019,7.900,,,,,,,
Michigan,MI,2008,MI2008,0,0,0,11.900,,,,,,,
Mississippi,MS,2008,MS2008,0,0,0,13.900,,,,,,,
Missouri,MO,2008,MO2008,0,0,0,13.100,,,,,,,
Montana,MT,2008,MT2008,0,0,0,20.800,,,,,,,
Nebraska,NE,2008,NE2008,0,0,0,10.600,,,,,,,
Nevada,NV,2008,NV2008,1,0,2018,19.800,,,,,,,
New Hampshire,NH,2008,NH2008,1,0,2019,13.600,,,,,,,
New Jersey,NJ,2008,NJ2008,1,0,2013,7.000,,,,,,,
New Mexico,NM,2008,NM2008,1,0,2017,20.700,,,,,,,
New York,NY,2008,NY2008,1,0,2019,7.300,,,,,,,
North Carolina,NC,2008,NC2008,0,0,0,12.500,,,,,,,
Ohio,OH,2008,OH2008,0,0,0,12.200,,,,,,,
Oklahoma,OK,2008,OK2008,0,0,0,15.600,,,,,,,
Oregon,OR,2008,OR2008,1,0,2015,15.200,,,,,,,
Pennsylvania,PA,2008,PA2008,0,0,0,12.200,,,,,,,
Rhode Island,RI,2008,RI2008,1,0,2017,10.400,,,,,,,
South Carolina,SC,2008,SC2008,0,0,0,12.500,,,,,,,
South Dakota,SD,2008,SD2008,0,0,0,15.400,,,,,,,
Tennessee,TN,2008,TN2008,0,0,0,15.600,,,,,,,
Texas,TX,2008,TX2008,0,0,0,10.500,,,,,,,
Vermont,VT,2008,VT2008,1,0,2016,15.100,,,,,,,
Washington,WA,2008,WA2008,1,0,2018,13.500,,,,,,,
West Virginia,WV,2008,WV2008,0,0,0,14.200,,,,,,,
Wyoming,WY,2008,WY2008,0,0,0,22.700,,,,,,,
Alabama,AL,2009,AL2009,0,0,0,14.100,,,,,,,
Alaska,AK,2009,AK2009,0,0,0,20.500,,,,,,,
Arizona,AZ,2009,AZ2009,0,0,0,16.700,,,,,,,
Arkansas,AR,2009,AR2009,0,0,0,14.600,,,,,,,
California,CA,2009,CA2009,1,0,2013,10.300,,,,,,,
Colorado,CO,2009,CO2009,1,0,2019,18.900,,,,,,,
Connecticut,CT,2009,CT2009,1,0,2017,8.900,,,,,,,
Delaware,DE,2009,DE2009,1,0,2018,12.000,,,,,,,
Florida,FL,2009,FL2009,0,0,0,15.300,,,,,,,
Georgia,GA,2009,GA2009,0,0,0,11.800,,,,,,,
Hawaii,HI,2009,HI2009,1,0,2018,12.900,,,,,,,
Idaho,ID,2009,ID2009,0,0,0,19.600,,,,,,,
Illinois,IL,2009,IL2009,1,0,2016,9.200,,,,,,,
Indiana,IN,2009,IN2009,0,0,0,12.800,,,,,,,
Iowa,IA,2009,IA2009,0,0,0,11.900,,,,,,,
Kansas,KS,2009,KS2009,0,0,0,13.500,,,,,,,
Kentucky,KY,2009,KY2009,0,0,0,13.700,,,,,,,
Louisiana,LA,2009,LA2009,0,0,0,10.900,,,,,,,
Maine,ME,2009,ME2009,1,0,2019,14.800,,,,,,,
Maryland,MD,2009,MD2009,1,0,2018,9.600,,,,,,,
Massachusetts,MA,2009,MA2009,1,0,2019,8.100,,,,,,,
Michigan,MI,2009,MI2009,0,0,0,11.800,,,,,,,
Mississippi,MS,2009,MS2009,0,0,0,12.900,,,,,,,
Missouri,MO,2009,MO2009,0,0,0,14.400,,,,,,,
Montana,MT,2009,MT2009,0,0,0,22.200,,,,,,,
Nebraska,NE,2009,NE2009,0,0,0,9.400,,,,,,,
Nevada,NV,2009,NV2009,1,0,2018,18.700,,,,,,,
New Hampshire,NH,2009,NH2009,1,0,2019,12.600,,,,,,,
New Jersey,NJ,2009,NJ2009,1,0,2013,6.300,,,,,,,
New Mexico,NM,2009,NM2009,1,0,2017,18.400,,,,,,,
New York,NY,2009,NY2009,1,0,2019,7.300,,,,,,,
North Carolina,NC,2009,NC2009,0,0,0,12.400,,,,,,,
Ohio,OH,2009,OH2009,0,0,0,10.200,,,,,,,
Oklahoma,OK,2009,OK2009,0,0,0,15.200,,,,,,,
Oregon,OR,2009,OR2009,1,0,2015,16.900,,,,,,,
Pennsylvania,PA,2009,PA2009,0,0,0,12.900,,,,,,,
Rhode Island,RI,2009,RI2009,1,0,2017,11.100,,,,,,,
South Carolina,SC,2009,SC2009,0,0,0,13.400,,,,,,,
South Dakota,SD,2009,SD2009,0,0,0,16.000,,,,,,,
Tennessee,TN,2009,TN2009,0,0,0,14.900,,,,,,,
Texas,TX,2009,TX2009,0,0,0,11.300,,,,,,,
Vermont,VT,2009,VT2009,1,0,2016,13.900,,,,,,,
Washington,WA,2009,WA2009,1,0,2018,13.800,,,,,,,
West Virginia,WV,2009,WV2009,0,0,0,13.600,,,,,,,
Wyoming,WY,2009,WY2009,0,0,0,19.800,,,,,,,
Alabama,AL,2010,AL2010,0,0,0,14.200,0.482,53420,377.8,0.187,37.8,1,0.821
Alaska,AK,2010,AK2010,0,0,0,23.100,0.508,75490,638.8,0.358,33.8,1,0.91
Arizona,AZ,2010,AZ2010,0,0,0,17.100,0.492,61200,408.1,0.42,35.9,1,0.856
Arkansas,AR,2010,AR2010,0,0,0,15.300,0.488,50350,505.3,0.254,37.3,0,0.829
California,CA,2010,CA2010,1,0,2013,10.500,0.493,70840,440.6,0.6,35.2,1,0.807
Colorado,CO,2010,CO2010,1,0,2019,17.200,0.498,78600,320.8,0.298,36,0,0.897
Connecticut,CT,2010,CT2010,1,0,2017,9.900,0.483,86120,281.4,0.288,40,1,0.886
Delaware,DE,2010,DE2010,1,0,2018,11.800,0.481,72050,620.9,0.344,38.8,0,0.874
Florida,FL,2010,FL2010,0,0,0,14.800,0.484,57500,542.4,0.421,40.7,1,0.855
Georgia,GA,2010,GA2010,0,0,0,11.700,0.483,57570,403.3,0.44,35.4,1,0.843
Hawaii,HI,2010,HI2010,1,0,2018,15.200,0.489,77700,262.7,0.783,38.7,0,0.899
Idaho,ID,2010,ID2010,0,0,0,18.500,0.498,61400,221,0.158,34.7,1,0.883
Illinois,IL,2010,IL2010,1,0,2016,9.200,0.489,66200,435.2,0.363,36.6,0,0.869
Indiana,IN,2010,IN2010,0,0,0,13.300,0.49,60210,314.5,0.183,36.9,1,0.87
Iowa,IA,2010,IA2010,0,0,0,12.200,0.494,63960,273.5,0.112,38.2,0,0.906
Kansas,KS,2010,KS2010,0,0,0,14.100,0.489,60100,369.1,0.217,36.2,0,0.892
Kentucky,KY,2010,KY2010,0,0,0,14.500,0.487,53640,242.6,0.132,38,0,0.819
Louisiana,LA,2010,LA2010,0,0,0,12.300,0.483,51280,549,0.393,35.9,1,0.819
Maine,ME,2010,ME2010,1,0,2019,14.000,0.487,62550,122,0.054,42.7,0,0.903
Maryland,MD,2010,MD2010,1,0,2018,8.700,0.48,83780,547.7,0.452,38,0,0.881
Massachusetts,MA,2010,MA2010,1,0,2019,9.100,0.483,79520,466.6,0.236,39.1,0,0.891
Michigan,MI,2010,MI2010,0,0,0,12.800,0.489,60390,490.3,0.233,39,0,0.887
Mississippi,MS,2010,MS2010,0,0,0,13.100,0.479,49800,269.7,0.416,36.1,1,0.81
Missouri,MO,2010,MO2010,0,0,0,14.300,0.486,59790,455,0.188,38,0,0.869
Montana,MT,2010,MT2010,0,0,0,22.700,0.503,53870,272.2,0.12,40.1,0,0.917
Nebraska,NE,2010,NE2010,0,0,0,10.500,0.494,68510,279.5,0.176,36.3,1,0.904
Nevada,NV,2010,NV2010,1,0,2018,20.200,0.501,66810,660.6,0.461,36.3,0,0.847
New Hampshire,NH,2010,NH2010,1,0,2019,14.900,0.491,86950,167,0.079,41.3,0,0.915
New Jersey,NJ,2010,NJ2010,1,0,2013,8.200,0.484,82170,307.7,0.406,39,1,0.88
New Mexico,NM,2010,NM2010,1,0,2017,20.000,0.489,58900,588.9,0.595,36.7,0,0.833
New York,NY,2010,NY2010,1,0,2019,8.000,0.482,64960,392.1,0.418,38,0,0.849
North Carolina,NC,2010,NC2010,0,0,0,12.300,0.481,57200,363.4,0.346,37.3,0,0.847
Ohio,OH,2010,OH2010,0,0,0,12.400,0.486,59880,315.2,0.187,38.9,0,0.881
Oklahoma,OK,2010,OK2010,0,0,0,16.400,0.487,56250,479.5,0.312,36.3,0,0.862
Oregon,OR,2010,OR2010,1,0,2015,17.900,0.493,66030,252,0.215,38.5,0,0.888
Pennsylvania,PA,2010,PA2010,0,0,0,12.400,0.485,63050,366.2,0.202,40.2,0,0.884
Rhode Island,RI,2010,RI2010,1,0,2017,12.200,0.483,67370,256.6,0.236,39.6,0,0.835
South Carolina,SC,2010,SC2010,0,0,0,13.800,0.479,54410,597.7,0.356,37.8,1,0.841
South Dakota,SD,2010,SD2010,0,0,0,17.200,0.501,59180,268.5,0.15,37.3,1,0.896
Tennessee,TN,2010,TN2010,0,0,0,14.800,0.483,50360,613.3,0.242,38,0,0.836
Texas,TX,2010,TX2010,0,0,0,11.500,0.49,61680,450.3,0.548,33.6,1,0.807
Vermont,VT,2010,VT2010,1,0,2016,16.900,0.49,72980,130.2,0.055,41.5,0,0.91
Washington,WA,2010,WA2010,1,0,2018,14.200,0.494,73290,313.8,0.273,37.2,0,0.898
West Virginia,WV,2010,WV2010,0,0,0,15.100,0.489," 55,820.00 ",314.600,0.064,41.200,0,0.832
Wisconsin,WI,2010,WI2010,0,0,0,13.900,0.494," 65,710.00 ",248.700,0.165,38.500,1,0.901
Wyoming,WY,2010,WY2010,0,0,0,23.200,0.502," 68,120.00 ",195.900,0.139,36.700,0,0.923
Alabama,AL,2011,AL2011,0,0,0,13.600,0.478,53900,420.1,0.331,38.10,1,0.827
Alaska,AK,2011,AK2011,0,0,0,19.800,0.507,72690,606.5,0.367,33.9,1,0.918
Arizona,AZ,2011,AZ2011,0,0,0,17.900,0.492,61540,405.9,0.425,36.2,1,0.857
Arkansas,AR,2011,AR2011,0,0,0,15.700,0.491,52270,480.9,0.255,37.5,0,0.838
California,CA,2011,CA2011,1,0,2013,10.600,0.494,67540,411.1,0.605,35.4,1,0.811
Colorado,CO,2011,CO2011,1,0,2019,17.800,0.497,74200,320.2,0.301,36.2,0,0.902
Connecticut,CT,2011,CT2011,1,0,2017,10.300,0.485,82790,272.8,0.291,40.3,0,0.891
Delaware,DE,2011,DE2011,1,0,2018,11.600,0.48,69180,559.5,0.347,39.1,0,0.872
Florida,FL,2011,FL2011,0,0,0,15.100,0.485,57090,515.3,0.425,41.1,1,0.859
Georgia,GA,2011,GA2011,0,0,0,11.800,0.484,58190,373.2,0.443,35.5,1,0.843
Hawaii,HI,2011,HI2011,1,0,2018,13.100,0.487,74730,287.2,0.781,38.5,0,0.906
Idaho,ID,2011,ID2011,0,0,0,17.700,0.5,60070,200.9,0.161,35,1,0.886
Illinois,IL,2011,IL2011,1,0,2016,9.500,0.488,64090,429.3,0.368,36.8,0,0.872
Indiana,IN,2011,IN2011,0,0,0,13.500,0.49,56250,331.8,0.186,37.1,1,0.873
Iowa,IA,2011,IA2011,0,0,0,13.800,0.494,63560,255.6,0.114,38.1,1,0.906
Kansas,KS,2011,KS2011,0,0,0,13.700,0.493,58410,353.9,0.22,36.3,1,0.9
Kentucky,KY,2011,KY2011,0,0,0,15.400,0.488,50440,238.2,0.136,38.2,0,0.831
Louisiana,LA,2011,LA2011,0,0,0,12.500,0.483,51460,555.3,0.395,35.9,1,0.825
Maine,ME,2011,ME2011,1,0,2019,17.500,0.487,62890,123.2,0.055,43.2,1,0.909
Maryland,MD,2011,MD2011,1,0,2018,9.500,0.48,87170,494.1,0.457,38,0,0.889
Massachusetts,MA,2011,MA2011,1,0,2019,8.900,0.484,80130,428.4,0.241,39.3,0,0.892
Michigan,MI,2011,MI2011,0,0,0,12.400,0.488,61860,445.3,0.234,39.2,1,0.888
Mississippi,MS,2011,MS2011,0,0,0,13.100,0.482,52010,269.8,0.419,36.1,1,0.811
Missouri,MO,2011,MO2011,0,0,0,15.500,0.487,57930,447.4,0.189,38,0,0.876
Montana,MT,2011,MT2011,0,0,0,23.200,0.5,50980,267.5,0.124,39.7,0,0.923
Nebraska,NE,2011,NE2011,0,0,0,10.400,0.495,70390,253.2,0.181,36.3,1,0.91
Nevada,NV,2011,NV2011,1,0,2018,18.900,0.5,59540,562.1,0.465,36.7,1,0.84
New Hampshire,NH,2011,NH2011,1,0,2019,15.000,0.495,83380,188,0.078,41.5,0,0.914
New Jersey,NJ,2011,NJ2011,1,0,2013,7.800,0.485,78900,308.4,0.413,39.2,1,0.881
New Mexico,NM,2011,NM2011,1,0,2017,20.000,0.491,53130,567.5,0.599,36.6,1,0.832
New York,NY,2011,NY2011,1,0,2019,8.500,0.482,64090,398.1,0.421,38.1,0,0.85
North Carolina,NC,2011,NC2011,0,0,0,12.600,0.48,57210,349.8,0.349,37.7,0,0.847
Ohio,OH,2011,OH2011,0,0,0,12.700,0.487,56510,307.4,0.188,39.1,1,0.883
Oklahoma,OK,2011,OK2011,0,0,0,18.200,0.49,61330,454.8,0.316,36.3,1,0.863
Oregon,OR,2011,OR2011,1,0,2015,16.900,0.492,65210,247.6,0.22,38.7,0,0.894
Pennsylvania,PA,2011,PA2011,0,0,0,13.700,0.485,63170,355,0.205,40.3,1,0.886
Rhode Island,RI,2011,RI2011,1,0,2017,9.500,0.482,62060,247.5,0.239,38,1,0.848
South Carolina,SC,2011,SC2011,0,0,0,14.100,0.48,50730,571.9,0.358,37.1,1,0.842
South Dakota,SD,2011,SD2011,0,0,0,15.500,0.495,59770,254.1,0.154,38.3,1,0.906
Tennessee,TN,2011,TN2011,0,0,0,14.900,0.484,53510,608.2,0.244,33.7,1,0.842
Texas,TX,2011,TX2011,0,0,0,11.200,0.491,62080,408.5,0.553,29.6,1,0.811
Vermont,VT,2011,VT2011,1,0,2016,19.200,0.491,65640,135.2,0.056,37.6,1,0.918
Washington,WA,2011,WA2011,1,0,2018,14.900,0.494,71950,294.6,0.279,41.4,0,0.901
West Virginia,WV,2011,WV2011,0,0,0,16.500,0.491," 52,930.00 ",315.900,0.064,38.700,0,0.842
Wisconsin,WI,2011,WI2011,0,0,0,13.000,0.494," 65,890.00 ",236.900,0.167,36.800,0,0.904
Wyoming,WY,2011,WY2011,0,0,0,23.100,0.505," 68,990.00 ",219.300,0.142,37.500,1,0.920
Alabama,AL,2012,AL2012,0,0,0,15.000,0.48,53970,449.9,0.33,38.2,1,0.84
Alaska,AK,2012,AK2012,0,0,0,23.000,0.516,79030,603.2,0.368,33.8,1,0.92
Arizona,AZ,2012,AZ2012,0,0,0,17.600,0.492,58410,428.9,0.428,36.6,1,0.86
Arkansas,AR,2012,AR2012,0,0,0,16.400,0.488,48450,469.1,0.258,37.6,0,0.85
California,CA,2012,CA2012,1,0,2013,10.200,0.493,70800,423.1,0.608,35.5,0,0.82
Colorado,CO,2012,CO2012,1,0,2019,20.200,0.497,71090,308.9,0.303,36.2,0,0.91
Connecticut,CT,2012,CT2012,1,0,2017,10.200,0.485,79770,283,0.298,40.4,0,0.9
Delaware,DE,2012,DE2012,1,0,2018,13.600,0.483,60810,547.4,0.355,39.2,0,0.89
Florida,FL,2012,FL2012,0,0,0,15.500,0.485,57210,487.1,0.431,41.1,1,0.87
Georgia,GA,2012,GA2012,0,0,0,11.700,0.483,59750,378.9,0.447,35.7,1,0.85
Hawaii,HI,2012,HI2012,1,0,2018,13.600,0.494,69860,239.2,0.783,38.3,0,0.9
Idaho,ID,2012,ID2012,0,0,0,18.600,0.498,59500,207.9,0.164,35.2,1,0.9
Illinois,IL,2012,IL2012,1,0,2016,10.000,0.488,64240,414.8,0.37,37,0,0.88
Indiana,IN,2012,IN2012,0,0,0,14.400,0.49,57310,345.7,0.189,37.3,1,0.88
Iowa,IA,2012,IA2012,0,0,0,12.500,0.495,66360,263.9,0.119,38,1,0.92
Kansas,KS,2012,KS2012,0,0,0,17.400,0.494,62090,354.6,0.222,36,1,0.9
Kentucky,KY,2012,KY2012,0,0,0,16.500,0.487,51020,222.6,0.137,38.4,0,0.84
Louisiana,LA,2012,LA2012,0,0,0,12.300,0.482,48530,496.9,0.399,36,1,0.83
Maine,ME,2012,ME2012,1,0,2019,15.700,0.491,61040,122.7,0.058,43.5,1,0.92
Maryland,MD,2012,MD2012,1,0,2018,9.900,0.48,89200,476.8,0.461,38.1,0,0.89
Massachusetts,MA,2012,MA2012,1,0,2019,9.100,0.483,79040,405.5,0.246,39.5,0,0.9
Michigan,MI,2012,MI2012,0,0,0,12.700,0.489,62100,454.5,0.236,39.5,1,0.89
Mississippi,MS,2012,MS2012,0,0,0,13.700,0.477,45500,260.8,0.421,36.2,1,0.82
Missouri,MO,2012,MO2012,0,0,0,15.200,0.487,61790,450.9,0.191,38.2,0,0.88
Montana,MT,2012,MT2012,0,0,0,23.200,0.497,55980,272.2,0.128,40.2,0,0.93
Nebraska,NE,2012,NE2012,0,0,0,12.400,0.494,64810,259.4,0.185,36.3,1,0.91
Nevada,NV,2012,NV2012,1,0,2018,19.000,0.502,58770,607.6,0.471,36.8,1,0.85
New Hampshire,NH,2012,NH2012,1,0,2019,15.200,0.49,84210,187.9,0.081,41.9,0,0.92
New Jersey,NJ,2012,NJ2012,1,0,2013,7.600,0.485,82810,290.2,0.419,39.4,1,0.88
New Mexico,NM,2012,NM2012,1,0,2017,21.100,0.493,53920,559.1,0.602,36.8,1,0.84
New York,NY,2012,NY2012,1,0,2019,8.700,0.483,59200,406.8,0.426,38.1,0,0.85
North Carolina,NC,2012,NC2012,0,0,0,13.200,0.482,51600,353.4,0.353,37.8,1,0.85
Ohio,OH,2012,OH2012,0,0,0,13.300,0.486,55100,299.7,0.191,39.3,1,0.89
Oklahoma,OK,2012,OK2012,0,0,0,17.500,0.49,60110,469.3,0.319,36.3,1,0.87
Oregon,OR,2012,OR2012,1,0,2015,18.500,0.495,64290,247.6,0.222,38.9,0,0.9
Pennsylvania,PA,2012,PA2012,0,0,0,12.900,0.487,64450,348.7,0.209,40.5,1,0.89
Rhode Island,RI,2012,RI2012,1,0,2017,10.000,0.483,69610,252.4,0.247,39.8,0,0.86
South Carolina,SC,2012,SC2012,0,0,0,14.200,0.48,55130,558.8,0.357,38.3,1,0.85
South Dakota,SD,2012,SD2012,0,0,0,16.900,0.499,61360,321.8,0.16,36.7,1,0.91
Tennessee,TN,2012,TN2012,0,0,0,15.100,0.484,53390,643.6,0.247,38.2,1,0.85
Texas,TX,2012,TX2012,0,0,0,11.600,0.492,64480,408.6,0.556,33.9,1,0.81
Vermont,VT,2012,VT2012,1,0,2016,13.900,0.496,69010,142.6,0.057,42.4,0,0.92
Washington,WA,2012,WA2012,1,0,2018,15.000,0.495,77220,295.6,0.283,37.5,0,0.9
West Virginia,WV,2012,WV2012,0,0,0,17.600,0.490," 54,080.00 ",316.300,0.067,41.500,0,0.850
Wisconsin,WI,2012,WI2012,0,0,0,12.600,0.494," 71,410.00 ",201.400,0.171,38.800,1,0.920
Wyoming,WY,2012,WY2012,0,0,0,29.700,0.504," 65,910.00 ",280.500,0.152,36.900,1,0.920
Alabama,AL,2013,AL2013,0,0,0,14.900,0.481,58050,430.8,0.334,38.3,1,0.845
Alaska,AK,2013,AK2013,0,0,0,23.100,0.513,88910,640.4,0.375,33.1,1,0.916
Arizona,AZ,2013,AZ2013,0,0,0,17.500,0.492,64540,416.5,0.432,36.8,1,0.859
Arkansas,AR,2013,AR2013,0,0,0,17.400,0.491,48310,460.3,0.262,37.8,0,0.844
California,CA,2013,CA2013,1,1,2013,10.500,0.494,74580,402.1,0.611,35.7,0,0.817
Colorado,CO,2013,CO2013,1,0,2019,19.100,0.498,83310,308,0.306,36.4,0,0.905
Connecticut,CT,2013,CT2013,1,0,2017,9.200,0.486,85010,262.5,0.305,40.5,0,0.897
Delaware,DE,2013,DE2013,1,0,2018,13.200,0.482,66360,491.4,0.357,39.1,0,0.883
Florida,FL,2013,FL2013,0,0,0,14.900,0.485,59540,470.4,0.437,41.5,1,0.868
Georgia,GA,2013,GA2013,0,0,0,12.000,0.483,57650,365.7,0.451,35.9,1,0.855
Hawaii,HI,2013,HI2013,1,0,2018,12.200,0.489,78800,251.6,0.783,38.1,0,0.91
Idaho,ID,2013,ID2013,0,0,0,19.100,0.499,59460,217,0.167,35.7,1,0.894
Illinois,IL,2013,IL2013,1,0,2016,10.200,0.489,66170,380.2,0.372,37.2,0,0.878
Indiana,IN,2013,IN2013,0,0,0,14.400,0.489,60670,357.4,0.193,37.3,1,0.876
Iowa,IA,2013,IA2013,0,0,0,14.500,0.494,73800,271.4,0.124,38,1,0.916
Kansas,KS,2013,KS2013,0,0,0,14.700,0.494,58670,339.9,0.227,36,1,0.901
Kentucky,KY,2013,KY2013,0,0,0,15.900,0.489,55060,209.8,0.14,38.5,0,0.841
Louisiana,LA,2013,LA2013,0,0,0,12.600,0.482,56950,518.5,0.401,36,1,0.831
Maine,ME,2013,ME2013,1,0,2019,18.400,0.488,67420,129.3,0.059,44,1,0.918
Maryland,MD,2013,MD2013,1,0,2018,9.600,0.483,85080,473.8,0.468,38.2,1,0.891
Massachusetts,MA,2013,MA2013,1,0,2019,8.500,0.484,76710,413.4,0.252,39.4,1,0.899
Michigan,MI,2013,MI2013,0,0,0,13.100,0.489,69400,449.9,0.238,39.6,1,0.894
Mississippi,MS,2013,MS2013,0,0,0,13.000,0.48,39670,274.6,0.424,36.6,1,0.824
Missouri,MO,2013,MO2013,0,0,0,15.900,0.487,56800,433.4,0.194,38.1,0,0.887
Montana,MT,2013,MT2013,0,0,0,23.900,0.497,53000,252.9,0.126,39.6,0,0.927
Nebraska,NE,2013,NE2013,0,0,0,11.800,0.494,70690,262.1,0.191,36.3,1,0.902
Nevada,NV,2013,NV2013,1,0,2018,19.400,0.499,63600,603,0.478,37.1,1,0.852
New Hampshire,NH,2013,NH2013,1,0,2019,14.000,0.491,84770,215.3,0.083,42.3,0,0.928
New Jersey,NJ,2013,NJ2013,1,1,2013,8.500,0.486,78210,288.5,0.425,39.4,1,0.885
New Mexico,NM,2013,NM2013,1,0,2017,20.500,0.492,49280,613,0.606,36.9,1,0.843
New York,NY,2013,NY2013,1,0,2019,8.600,0.484,61300,393.7,0.43,38.2,0,0.856
North Carolina,NC,2013,NC2013,0,0,0,13.000,0.482,56850,342.2,0.355,37.9,1,0.857
Ohio,OH,2013,OH2013,0,0,0,13.200,0.487,62260,286.2,0.194,39.3,1,0.89
Oklahoma,OK,2013,OK2013,0,0,0,17.300,0.49,56630,441.2,0.323,36.2,1,0.867
Oregon,OR,2013,OR2013,1,0,2015,17.700,0.493,60110,254,0.225,39.1,0,0.897
Pennsylvania,PA,2013,PA2013,0,0,0,14.000,0.486,67670,335.4,0.214,40.6,0,0.892
Rhode Island,RI,2013,RI2013,1,0,2017,12.600,0.49,69100,257.2,0.254,39.9,0,0.859
South Carolina,SC,2013,SC2013,0,0,0,14.600,0.48,53440,508.5,0.358,38.6,1,0.856
South Dakota,SD,2013,SD2013,0,0,0,17.400,0.502,65530,316.5,0.163,36.6,1,0.916
Tennessee,TN,2013,TN2013,0,0,0,15.800,0.486,53200,590.6,0.249,38.5,1,0.856
Texas,TX,2013,TX2013,0,0,0,11.500,0.492,63070,408.3,0.56,34,1,0.819
Vermont,VT,2013,VT2013,1,0,2016,17.700,0.493,80370,121.1,0.059,42.5,0,0.915
Washington,WA,2013,WA2013,1,0,2018,14.700,0.496,78420,289.1,0.29,37.4,0,0.901
West Virginia,WV,2013,WV2013,0,0,0,17.400,0.491," 52,840.00 ",300.300,0.068,41.700,0,0.846
Wisconsin,WI,2013,WI2013,0,0,0,14.800,0.495," 82,740.00 ",205.100,0.174,39.000,1,0.909
Wyoming,WY,2013,WY2013,0,0,0,22.100,0.504," 63,460.00 ",277.900,0.150,36.600,1,0.935
Alabama,AL,2014,AL2014,0,0,0,14.700,0.482,51140,427.4,0.334,38.6,1,0.85
Alaska,AK,2014,AK2014,0,0,0,22.700,0.517,81800,635.8,0.375,33.3,0,0.93
Arizona,AZ,2014,AZ2014,0,0,0,18.400,0.49,59580,399.9,0.432,36.9,1,0.86
Arkansas,AR,2014,AR2014,0,0,0,17.300,0.487,54340,480.1,0.262,37.8,0,0.85
California,CA,2014,CA2014,1,1,2013,10.800,0.493,73170,396.1,0.611,36,0,0.82
Colorado,CO,2014,CO2014,1,0,2019,20.200,0.498,73710,309.1,0.306,36.3,0,0.91
Connecticut,CT,2014,CT2014,1,0,2017,10.500,0.486,84870,236.9,0.305,40.5,0,0.9
Delaware,DE,2014,DE2014,1,0,2018,13.500,0.482,69580,489.1,0.357,39.6,0,0.89
Florida,FL,2014,FL2014,0,0,0,15.200,0.485,55810,540.5,0.437,41.6,1,0.87
Georgia,GA,2014,GA2014,0,0,0,12.800,0.482,59940,377.3,0.451,36.1,1,0.86
Hawaii,HI,2014,HI2014,1,0,2018,14.400,0.491,86150,259.2,0.783,38.1,0,0.92
Idaho,ID,2014,ID2014,0,0,0,19.600,0.496,64640,212.2,0.167,35.9,1,0.9
Illinois,IL,2014,IL2014,1,0,2016,10.800,0.488,66430,370,0.372,37.5,1,0.88
Indiana,IN,2014,IN2014,0,0,0,14.400,0.49,58130,365.3,0.193,37.4,1,0.88
Iowa,IA,2014,IA2014,0,0,0,13.100,0.497,69930,273.5,0.124,38.2,1,0.92
Kansas,KS,2014,KS2014,0,0,0,15.700,0.491,64650,348.6,0.227,36.2,1,0.9
Kentucky,KY,2014,KY2014,0,0,0,16.500,0.491,51750,211.6,0.14,38.5,0,0.85
Louisiana,LA,2014,LA2014,0,0,0,14.600,0.482,51290,514.7,0.401,36.1,1,0.84
Maine,ME,2014,ME2014,1,0,2019,16.500,0.482,62550,127.8,0.059,44.1,1,0.92
Maryland,MD,2014,MD2014,1,0,2018,10.100,0.482,92130,446.1,0.468,38.3,1,0.9
Massachusetts,MA,2014,MA2014,1,0,2019,8.800,0.485,76390,391.4,0.252,39.4,1,0.9
Michigan,MI,2014,MI2014,0,0,0,13.600,0.489,62910,427.3,0.238,39.6,1,0.9
Mississippi,MS,2014,MS2014,0,0,0,12.700,0.481,42970,278.5,0.424,36.7,1,0.83
Missouri,MO,2014,MO2014,0,0,0,16.800,0.487,68500,442.9,0.194,38.5,0,0.89
Montana,MT,2014,MT2014,0,0,0,24.400,0.496,61810,323.7,0.126,39.6,0,0.93
Nebraska,NE,2014,NE2014,0,0,0,13.300,0.498,68790,280.4,0.191,36.2,1,0.9
Nevada,NV,2014,NV2014,1,0,2018,20.100,0.499,60330,635.6,0.478,37.4,1,0.85
New Hampshire,NH,2014,NH2014,1,0,2019,18.600,0.493,88780,196.1,0.083,42.5,0,0.92
New Jersey,NJ,2014,NJ2014,1,1,2013,8.800,0.487,78920,261.2,0.425,39.4,1,0.89
New Mexico,NM,2014,NM2014,1,0,2017,21.500,0.489,56470,597.4,0.606,37.2,1,0.84
New York,NY,2014,NY2014,1,0,2019,8.600,0.484,65690,381.8,0.43,38.2,0,0.86
North Carolina,NC,2014,NC2014,0,0,0,13.600,0.481,56590,329.5,0.355,38.3,1,0.86
Ohio,OH,2014,OH2014,0,0,0,12.900,0.488,60050,284.9,0.194,39.4,1,0.89
Oklahoma,OK,2014,OK2014,0,0,0,18.900,0.489,57090,406,0.323,36.2,1,0.87
Oregon,OR,2014,OR2014,1,0,2015,19.700,0.492,71220,232.3,0.225,39.3,0,0.9
Pennsylvania,PA,2014,PA2014,0,0,0,14.200,0.487,66740,314.1,0.214,40.7,0,0.89
Rhode Island,RI,2014,RI2014,1,0,2017,10.500,0.484,70920,219.2,0.254,39.8,0,0.86
South Carolina,SC,2014,SC2014,0,0,0,15.600,0.481,54350,497.7,0.358,38.8,1,0.86
South Dakota,SD,2014,SD2014,0,0,0,16.500,0.5,64170,326.5,0.163,36.6,1,0.92
Tennessee,TN,2014,TN2014,0,0,0,15.200,0.484,52880,608.4,0.249,38.6,1,0.86
Texas,TX,2014,TX2014,0,0,0,12.000,0.491,65170,405.9,0.56,34.3,1,0.82
Vermont,VT,2014,VT2014,1,0,2016,19.800,0.487,73430,99.3,0.059,42.8,0,0.92
Washington,WA,2014,WA2014,1,0,2018,15.800,0.497,71450,285.2,0.29,37.5,0,0.9
West Virginia,WV,2014,WV2014,0,0,0,19.400,0.492," 47,840.00 ",302.000,0.068,41.900,0,0.850
Wisconsin,WI,2014,WI2014,0,0,0,13.300,0.494," 67,360.00 ",195.500,0.178,39.200,1,0.914
Wyoming,WY,2014,WY2014,0,0,0,20.500,0.507," 70,250.00 ",290.300,0.150,36.600,1,0.930
Alabama,AL,2015,AL2015,0,0,0,15.400,0.481,53880,472.4,0.338,38.7,1,0.849
Alaska,AK,2015,AK2015,0,0,0,27.200,0.514,90920,730.2,0.385,33.3,0,0.926
Arizona,AZ,2015,AZ2015,0,0,0,18.700,0.49,63250,410.2,0.442,37.4,1,0.861
Arkansas,AR,2015,AR2015,0,0,0,19.400,0.486,51810,521.3,0.269,37.9,1,0.854
California,CA,2015,CA2015,1,1,2013,10.600,0.493,77030,426.3,0.622,36.2,0,0.822
Colorado,CO,2015,CO2015,1,0,2019,20.000,0.498,80610,321,0.314,36.4,0,0.912
Connecticut,CT,2015,CT2015,1,0,2017,10.700,0.487,88230,218.5,0.32,40.6,0,0.902
Delaware,DE,2015,DE2015,1,0,2018,12.900,0.479,69910,499,0.368,39.7,0,0.889
Florida,FL,2015,FL2015,0,0,0,15.800,0.484,59100,461.9,0.448,41.8,1,0.876
Georgia,GA,2015,GA2015,0,0,0,12.900,0.482,61450,378.3,0.46,36.4,1,0.861
Hawaii,HI,2015,HI2015,1,0,2018,14.000,0.49,78090,293.4,0.783,37.7,0,0.909
Idaho,ID,2015,ID2015,0,0,0,21.700,0.497,62490,215.6,0.172,35.8,1,0.9
Illinois,IL,2015,IL2015,1,0,2016,10.600,0.487,73130,383.8,0.381,37.7,1,0.886
Indiana,IN,2015,IN2015,0,0,0,14.500,0.49,62930,387.5,0.199,37.5,1,0.882
Iowa,IA,2015,IA2015,0,0,0,13.800,0.495,73660,286.1,0.131,38.1,1,0.917
Kansas,KS,2015,KS2015,0,0,0,16.400,0.493,66410,389.9,0.235,36.2,1,0.903
Kentucky,KY,2015,KY2015,0,0,0,17.500,0.489,51310,218.7,0.145,38.8,1,0.851
Louisiana,LA,2015,LA2015,0,0,0,15.400,0.483,55590,539.7,0.406,36.4,1,0.846
Maine,ME,2015,ME2015,1,0,2019,17.700,0.489,61440,130.1,0.063,44.6,1,0.917
Maryland,MD,2015,MD2015,1,0,2018,9.200,0.48,89090,457.2,0.481,38.3,1,0.896
Massachusetts,MA,2015,MA2015,1,0,2019,9.400,0.485,82150,390.9,0.269,39.4,1,0.902
Michigan,MI,2015,MI2015,0,0,0,14.200,0.489,65610,415.5,0.243,39.7,1,0.901
Mississippi,MS,2015,MS2015,0,0,0,14.300,0.478,48460,275.8,0.427,37,1,0.835
Missouri,MO,2015,MO2015,0,0,0,17.300,0.488,71660,497.4,0.198,38.4,0,0.889
Montana,MT,2015,MT2015,0,0,0,26.200,0.502,62210,349.6,0.131,39.9,0,0.935
Nebraska,NE,2015,NE2015,0,0,0,11.800,0.496,73200,274.9,0.198,36.1,1,0.91
Nevada,NV,2015,NV2015,1,0,2018,19.300,0.497,62960,695.9,0.494,37.8,1,0.856
New Hampshire,NH,2015,NH2015,1,0,2019,17.100,0.495,91600,199.3,0.087,42.8,0,0.931
New Jersey,NJ,2015,NJ2015,1,1,2013,8.800,0.486,82750,255.4,0.438,39.6,1,0.891
New Mexico,NM,2015,NM2015,1,0,2017,24.000,0.492,54620,656.1,0.617,37.4,1,0.846
New York,NY,2015,NY2015,1,0,2019,8.300,0.484,70210,379.7,0.441,38.3,0,0.86
North Carolina,NC,2015,NC2015,0,0,0,14.000,0.483,61490,347,0.362,38.4,1,0.866
Ohio,OH,2015,OH2015,0,0,0,14.200,0.488,64520,291.9,0.201,39.3,1,0.897
Oklahoma,OK,2015,OK2015,0,0,0,20.200,0.491,56990,422,0.333,36.3,1,0.873
Oregon,OR,2015,OR2015,1,1,2015,18.900,0.492,73640,259.8,0.233,39.1,0,0.9
Pennsylvania,PA,2015,PA2015,0,0,0,14.800,0.486,73100,315.1,0.224,40.7,0,0.897
Rhode Island,RI,2015,RI2015,1,0,2017,11.900,0.484,67430,242.5,0.267,39.7,0,0.877
South Carolina,SC,2015,SC2015,0,0,0,15.100,0.482,56120,504.5,0.36,39,1,0.863
South Dakota,SD,2015,SD2015,0,0,0,20.000,0.501,66660,383.1,0.171,36.9,1,0.911
Tennessee,TN,2015,TN2015,0,0,0,16.200,0.484,57290,612.1,0.255,38.7,1,0.861
Texas,TX,2015,TX2015,0,0,0,12.400,0.491,68360,412.2,0.57,34.4,1,0.824
Vermont,VT,2015,VT2015,1,0,2016,16.500,0.494,72020,118,0.064,43.1,0,0.917
Washington,WA,2015,WA2015,1,0,2018,15.800,0.497,81400,284.4,0.301,37.5,0,0.908
West Virginia,WV,2015,WV2015,0,0,0,18.400,0.490," 51,840.00 ",337.900,0.072,42.200,0,0.860
Wisconsin,WI,2015,WI2015,0,0,0,15.100,0.495," 73,750.00 ",222.100,0.182,39.400,1,0.914
Wyoming,WY,2015,WY2015,0,0,0,26.800,0.495," 67,090.00 ",305.800,0.157,36.500,1,0.922
Alabama,AL,2016,AL2016,0,0,0,16.200,0.481,56660,532.3,0.34,39,1,0.851
Alaska,AK,2016,AK2016,0,0,0,26.000,0.517,90860,804.2,0.386,33.5,0,0.931
Arizona,AZ,2016,AZ2016,0,0,0,18.300,0.492,68510,470.1,0.445,37.5,1,0.867
Arkansas,AR,2016,AR2016,0,0,0,18.500,0.488,55080,550.9,0.27,38,1,0.86
California,CA,2016,CA2016,1,1,2013,10.900,0.494,79960,445.3,0.625,36.4,0,0.824
Colorado,CO,2016,CO2016,1,0,2019,21.100,0.499,84670,342.6,0.313,36.7,0,0.914
Connecticut,CT,2016,CT2016,1,0,2017,11.100,0.486,91100,227.1,0.324,40.9,0,0.905
Delaware,DE,2016,DE2016,1,0,2018,12.500,0.48,69650,508.8,0.37,40.6,0,0.893
Florida,FL,2016,FL2016,0,0,0,15.200,0.485,61400,430.3,0.453,42.1,1,0.874
Georgia,GA,2016,GA2016,0,0,0,13.600,0.481,64230,397.6,0.466,36.5,1,0.864
Hawaii,HI,2016,HI2016,1,0,2018,12.200,0.492,86550,309.2,0.789,38.9,0,0.92
Idaho,ID,2016,ID2016,0,0,0,20.900,0.496,67870,230.3,0.175,36.1,1,0.904
Illinois,IL,2016,IL2016,1,1,2016,11.000,0.488,73650,436.3,0.382,37.9,1,0.888
Indiana,IN,2016,IN2016,0,0,0,15.600,0.49,67310,404.7,0.202,37.6,1,0.884
Iowa,IA,2016,IA2016,0,0,0,14.400,0.495,70900,290.6,0.134,38,1,0.918
Kansas,KS,2016,KS2016,0,0,0,17.700,0.494,68160,380.4,0.235,36.5,1,0.905
Kentucky,KY,2016,KY2016,0,0,0,17.000,0.488,54440,232.3,0.148,38.7,1,0.857
Louisiana,LA,2016,LA2016,0,0,0,14.400,0.483,50630,566.1,0.406,36.5,0,0.844
Maine,ME,2016,ME2016,1,0,2019,16.900,0.486,61020,123.8,0.064,44.5,1,0.923
Maryland,MD,2016,MD2016,1,0,2018,9.700,0.48,88500,472,0.486,38.5,1,0.901
Massachusetts,MA,2016,MA2016,1,0,2019,9.200,0.486,86710,376.9,0.274,39.5,1,0.904
Michigan,MI,2016,MI2016,0,0,0,13.700,0.489,68500,459,0.244,39.7,1,0.904
Mississippi,MS,2016,MS2016,0,0,0,12.800,0.476,49310,280.5,0.428,37.2,1,0.841
Missouri,MO,2016,MO2016,0,0,0,18.600,0.49,66010,519.4,0.202,38.4,0,0.896
Montana,MT,2016,MT2016,0,0,0,25.600,0.502,68480,368.3,0.134,40.1,0,0.928
Nebraska,NE,2016,NE2016,0,0,0,12.900,0.496,71240,291,0.2,36.3,1,0.909
Nevada,NV,2016,NV2016,1,0,2018,22.100,0.498,66510,678.1,0.501,37.9,1,0.86
New Hampshire,NH,2016,NH2016,1,0,2019,18.300,0.499,91500,197.6,0.089,42.7,0,0.928
New Jersey,NJ,2016,NJ2016,1,1,2013,7.700,0.486,82150,245,0.443,39.5,1,0.893
New Mexico,NM,2016,NM2016,1,0,2017,22.600,0.489,58130,702.5,0.621,37.7,1,0.854
New York,NY,2016,NY2016,1,0,2019,8.500,0.484,73720,376.2,0.444,38.4,0,0.863
North Carolina,NC,2016,NC2016,0,0,0,13.500,0.481,64510,372.2,0.364,38.7,1,0.873
Ohio,OH,2016,OH2016,0,0,0,14.700,0.489,64770,300.3,0.204,39.3,1,0.9
Oklahoma,OK,2016,OK2016,0,0,0,20.900,0.491,61120,449.8,0.337,36.4,1,0.878
Oregon,OR,2016,OR2016,1,1,2015,18.800,0.495,70950,264.6,0.237,39.2,0,0.903
Pennsylvania,PA,2016,PA2016,0,0,0,15.400,0.488,73170,316.4,0.227,40.6,0,0.901
Rhode Island,RI,2016,RI2016,1,0,2017,11.900,0.484,73830,238.9,0.272,40.2,0,0.885
South Carolina,SC,2016,SC2016,0,0,0,16.400,0.48,65200,501.8,0.36,39.1,1,0.866
South Dakota,SD,2016,SD2016,0,0,0,18.800,0.502,68930,418.4,0.173,36.8,1,0.912
Tennessee,TN,2016,TN2016,0,0,0,16.700,0.484,61610,632.9,0.256,38.6,1,0.87
Texas,TX,2016,TX2016,0,0,0,12.500,0.492,69770,434.4,0.575,34.5,1,0.829
Vermont,VT,2016,VT2016,1,1,2016,18.700,0.492,73000,158.3,0.065,43.1,0,0.921
Washington,WA,2016,WA2016,1,0,2018,15.600,0.495,84360,302.2,0.305,37.7,0,0.908
West Virginia,WV,2016,WV2016,0,0,0,19.700,0.492," 53,220.00 ",358.100,0.076,42.300,0,0.860
Wisconsin,WI,2016,WI2016,0,0,0,15.000,0.494," 69,390.00 ",244.200,0.182,39.400,1,0.919
Wyoming,WY,2016,WY2016,0,0,0,24.600,0.505," 71,770.00 ",305.900,0.153,37.200,1,0.932
Alabama,AL,2017,AL2017,0,0,0,17.100,0.482,59980,524.2,0.342,38.9,1,0.865
Alaska,AK,2017,AK2017,0,0,0,27.000,0.513,91960,829,0.39,34.5,0,0.917
Arizona,AZ,2017,AZ2017,0,0,0,18.900,0.492,70390,508,0.45,37.7,1,0.872
Arkansas,AR,2017,AR2017,0,0,0,21.000,0.489,58660,554.9,0.275,38.1,1,0.867
California,CA,2017,CA2017,1,1,2013,10.900,0.494,82580,449.3,0.63,36.5,0,0.833
Colorado,CO,2017,CO2017,1,0,2019,21.000,0.499,88420,368.1,0.317,36.8,0,0.916
Connecticut,CT,2017,CT2017,1,1,2017,11.300,0.486,87620,228,0.333,40.9,0,0.904
Delaware,DE,2017,DE2017,1,0,2018,11.600,0.481,76600,453.4,0.374,40.1,0,0.906
Florida,FL,2017,FL2017,0,0,0,15.300,0.485,62600,408,0.461,42,1,0.884
Georgia,GA,2017,GA2017,0,0,0,13.900,0.481,68370,357.2,0.471,36.8,1,0.87
Hawaii,HI,2017,HI2017,1,0,2018,15.900,0.488,86780,250.6,0.793,39.2,0,0.923
Idaho,ID,2017,ID2017,0,0,0,22.800,0.501,70160,226.4,0.179,36.3,1,0.908
Illinois,IL,2017,IL2017,1,1,2016,11.500,0.489,77790,438.8,0.387,38,1,0.891
Indiana,IN,2017,IN2017,0,0,0,16.400,0.49,69290,399,0.206,37.7,1,0.886
Iowa,IA,2017,IA2017,0,0,0,15.200,0.493,74840,293.4,0.141,38.3,1,0.921
Kansas,KS,2017,KS2017,0,0,0,18.900,0.495,67090,413,0.239,36.7,1,0.91
Kentucky,KY,2017,KY2017,0,0,0,17.200,0.491,58570,225.8,0.151,38.9,1,0.863
Louisiana,LA,2017,LA2017,0,0,0,15.400,0.482,51370,557,0.412,36.8,0,0.851
Maine,ME,2017,ME2017,1,0,2019,20.500,0.489,62870,121,0.063,44.6,1,0.923
Maryland,MD,2017,MD2017,1,0,2018,10.400,0.482,96800,500.2,0.493,38.7,1,0.899
Massachusetts,MA,2017,MA2017,1,0,2019,9.900,0.486,89900,358,0.283,39.5,1,0.908
Michigan,MI,2017,MI2017,0,0,0,14.600,0.49,66510,450,0.247,39.8,1,0.909
Mississippi,MS,2017,MS2017,0,0,0,14.800,0.48,51030,285.7,0.431,37.5,1,0.844
Missouri,MO,2017,MO2017,0,0,0,18.800,0.488,66660,530.3,0.203,38.5,1,0.897
Montana,MT,2017,MT2017,0,0,0,29.600,0.496,67690,377.1,0.135,40,0,0.93
Nebraska,NE,2017,NE2017,0,0,0,14.300,0.498,70260,305.9,0.208,36.5,1,0.913
Nevada,NV,2017,NV2017,1,0,2018,20.900,0.497,68440,555.9,0.511,38,1,0.868
New Hampshire,NH,2017,NH2017,1,0,2019,19.700,0.496,89180,198.7,0.094,43.2,1,0.931
New Jersey,NJ,2017,NJ2017,1,1,2013,8.800,0.486,84000,228.8,0.45,39.8,1,0.899
New Mexico,NM,2017,NM2017,1,1,2017,23.500,0.493,53770,783.5,0.627,37.7,1,0.861
New York,NY,2017,NY2017,1,0,2019,8.500,0.484,72570,356.7,0.448,38.7,0,0.866
North Carolina,NC,2017,NC2017,0,0,0,14.800,0.482,58420,363.7,0.369,38.8,0,0.878
Ohio,OH,2017,OH2017,0,0,0,14.900,0.487,71560,297.5,0.208,39.3,1,0.903
Oklahoma,OK,2017,OK2017,0,0,0,19.200,0.489,61180,456.2,0.341,36.6,1,0.881
Oregon,OR,2017,OR2017,1,1,2015,19.900,0.494,73690,281.8,0.242,39.3,0,0.91
Pennsylvania,PA,2017,PA2017,0,0,0,15.800,0.488,72260,313.3,0.233,40.8,0,0.906
Rhode Island,RI,2017,RI2017,1,1,2017,12.200,0.485,77120,232.2,0.278,39.5,0,0.883
South Carolina,SC,2017,SC2017,0,0,0,16.700,0.48,64310,506.2,0.36,39.4,1,0.874
South Dakota,SD,2017,SD2017,0,0,0,22.000,0.502,67110,433.6,0.175,36.9,1,0.917
Tennessee,TN,2017,TN2017,0,0,0,17.300,0.484,65210,651.5,0.259,38.6,1,0.878
Texas,TX,2017,TX2017,0,0,0,13.300,0.492,70860,438.9,0.581,34.7,1,0.836
Vermont,VT,2017,VT2017,1,1,2016,17.800,0.493,75090,165.8,0.069,42.6,1,0.926
Washington,WA,2017,WA2017,1,0,2018,17.500,0.496,84360,304.5,0.313,37.7,0,0.913
West Virginia,WV,2017,WV2017,0,0,0,21.600,0.490," 55,370.00 ",350.700,0.074,42.400,1,0.871
Wisconsin,WI,2017,WI2017,0,0,0,16.000,0.495," 70,200.00 ",237.500,0.187,39.500,1,0.924
Wyoming,WY,2017,WY2017,0,0,0,27.100,0.509," 74,850.00 ",319.900,0.158,37.500,1,0.929
Alabama,AL,2018,AL2018,0,0,0,16.800,0.481,57720,519.6,0.344,39.3,1,0.866
Alaska,AK,2018,AK2018,0,0,0,25.000,0.503,79450,885,0.399,34.9,0,0.933
Arizona,AZ,2018,AZ2018,0,0,0,20.000,0.492,71990,474.9,0.455,38,1,0.875
Arkansas,AR,2018,AR2018,0,0,0,18.400,0.486,57540,543.6,0.278,38.1,1,0.872
California,CA,2018,CA2018,1,1,2013,11.300,0.494,81480,447.4,0.633,36.7,0,0.838
Colorado,CO,2018,CO2018,1,0,2019,22.500,0.498,84420,397.2,0.32,36.9,0,0.919
Connecticut,CT,2018,CT2018,1,1,2017,11.700,0.485,84160,207.4,0.337,41.1,0,0.909
Delaware,DE,2018,DE2018,1,1,2018,11.700,0.479,75140,423.6,0.379,41.1,0,0.898
Florida,FL,2018,FL2018,0,0,0,16.700,0.484,63160,384.9,0.467,42.2,1,0.885
Georgia,GA,2018,GA2018,0,0,0,14.900,0.481,64520,326.6,0.475,36.8,1,0.876
Hawaii,HI,2018,HI2018,1,1,2018,12.400,0.49,92590,248.6,0.794,39.3,0,0.92
Idaho,ID,2018,ID2018,0,0,0,23.800,0.499,67880,227.1,0.181,36.8,1,0.909
Illinois,IL,2018,IL2018,1,1,2016,11.700,0.49,81080,404.1,0.39,38.3,1,0.895
Indiana,IN,2018,IN2018,0,0,0,16.100,0.489,69230,382.3,0.21,37.8,1,0.89
Iowa,IA,2018,IA2018,0,0,0,15.500,0.496,79430,250.1,0.145,38.1,1,0.923
Kansas,KS,2018,KS2018,0,0,0,19.100,0.495,73900,439,0.24,37.1,1,0.91
Kentucky,KY,2018,KY2018,0,0,0,17.900,0.487,63060,211.9,0.152,39.1,1,0.868
Louisiana,LA,2018,LA2018,0,0,0,15.400,0.482,57760,537.5,0.412,37.3,0,0.858
Maine,ME,2018,ME2018,1,0,2019,20.200,0.485,67810,112.1,0.066,45.1,1,0.93
Maryland,MD,2018,MD2018,1,1,2018,10.800,0.481,99660,468.7,0.497,38.8,1,0.905
Massachusetts,MA,2018,MA2018,1,0,2019,10.700,0.486,99800,338.1,0.292,39.5,1,0.908
Michigan,MI,2018,MI2018,0,0,0,15.500,0.49,69870,449.4,0.25,39.8,1,0.911
Mississippi,MS,2018,MS2018,0,0,0,14.100,0.478,49450,234.4,0.433,37.7,1,0.854
Missouri,MO,2018,MO2018,0,0,0,20.100,0.487,71350,502.1,0.205,38.8,1,0.905
Montana,MT,2018,MT2018,0,0,0,24.900,0.505,66670,374.1,0.139,40.1,0,0.939
Nebraska,NE,2018,NE2018,0,0,0,14.000,0.496,78110,284.8,0.213,36.7,1,0.914
Nevada,NV,2018,NV2018,1,1,2018,21.700,0.498,71510,541.1,0.515,38.2,1,0.869
New Hampshire,NH,2018,NH2018,1,0,2019,20.600,0.494,94020,173.2,0.098,43.1,1,0.931
New Jersey,NJ,2018,NJ2018,1,1,2013,8.700,0.486,85740,208.1,0.453,40,0,0.902
New Mexico,NM,2018,NM2018,1,1,2017,25.500,0.491,55810,856.6,0.631,38.1,1,0.854
New York,NY,2018,NY2018,1,0,2019,8.800,0.484,77760,350.5,0.447,39,0,0.871
North Carolina,NC,2018,NC2018,0,0,0,14.400,0.481,61690,377.6,0.371,38.9,0,0.882
Ohio,OH,2018,OH2018,0,0,0,15.700,0.489,71240,279.9,0.212,39.5,1,0.907
Oklahoma,OK,2018,OK2018,0,0,0,20.000,0.49,62920,466.1,0.347,36.7,1,0.884
Oregon,OR,2018,OR2018,1,1,2015,20.100,0.494,79950,285.5,0.248,39.6,0,0.905
Pennsylvania,PA,2018,PA2018,0,0,0,15.700,0.487,74580,306,0.237,40.8,0,0.91
Rhode Island,RI,2018,RI2018,1,1,2017,10.000,0.486,71970,219.1,0.285,40,0,0.891
South Carolina,SC,2018,SC2018,0,0,0,15.900,0.48,66400,488.3,0.362,39.7,1,0.884
South Dakota,SD,2018,SD2018,0,0,0,18.900,0.501,68730,404.7,0.184,37.2,1,0.923
Tennessee,TN,2018,TN2018,0,0,0,17.100,0.485,64800,623.7,0.262,38.9,1,0.878
Texas,TX,2018,TX2018,0,0,0,13.700,0.492,69100,410.9,0.586,34.9,1,0.84
Vermont,VT,2018,VT2018,1,1,2016,20.000,0.494,80990,172,0.071,43.1,1,0.935
Washington,WA,2018,WA2018,1,1,2018,16.600,0.497,92150,311.5,0.321,37.7,0,0.916
West Virginia,WV,2018,WV2018,0,0,0,21.900,0.493," 58,460.00 ",289.900,0.075,42.800,1,0.878
Wisconsin,WI,2018,WI2018,0,0,0,15.300,0.495," 72,290.00 ",212.200,0.191,39.600,1,0.921
Wyoming,WY,2018,WY2018,0,0,0,25.400,0.504," 72,390.00 ",295.400,0.158,38.500,1,0.933
Alabama,AL,2019,AL2019,0,0,0,16.400,0.481,64010,510.8,0.346,39.4,1,0.871
Alaska,AK,2019,AK2019,0,0,0,28.700,0.507,89290,867.1,0.4,35,1,0.936
Arizona,AZ,2019,AZ2019,0,0,0,19.500,0.493,80500,455.3,0.458,38.3,1,0.876
Arkansas,AR,2019,AR2019,0,0,0,18.200,0.484,62120,584.6,0.279,38.8,1,0.875
California,CA,2019,CA2019,1,1,2013,11.200,0.494,88960,441.2,0.636,37,0,0.84
Colorado,CO,2019,CO2019,1,1,2019,22.800,0.501,82580,381,0.322,37.1,0,0.924
Connecticut,CT,2019,CT2019,1,1,2017,12.200,0.487,99420,183.6,0.343,41.2,0,0.907
Delaware,DE,2019,DE2019,1,1,2018,11.400,0.482,84510,422.6,0.386,41.4,0,0.903
Florida,FL,2019,FL2019,0,0,0,16.100,0.485,66480,378.4,0.47,42.4,1,0.884
Georgia,GA,2019,GA2019,0,0,0,14.900,0.482,64500,340.7,0.48,37.2,1,0.879
Hawaii,HI,2019,HI2019,1,1,2018,15.800,0.488,100200,285.5,0.796,39.6,0,0.924
Idaho,ID,2019,ID2019,0,0,0,20.400,0.499,75160,223.8,0.184,36.9,1,0.915
Illinois,IL,2019,IL2019,1,1,2016,11.300,0.487,84740,406.9,0.391,38.6,1,0.898
Indiana,IN,2019,IN2019,0,0,0,14.400,0.49,75960,370.8,0.214,38,1,0.896
Iowa,IA,2019,IA2019,0,0,0,16.700,0.495,75240,266.6,0.147,38.5,1,0.926
Kansas,KS,2019,KS2019,0,0,0,18.000,0.49,83320,410.8,0.243,37.2,0,0.918
Kentucky,KY,2019,KY2019,0,0,0,16.900,0.49,63400,217.1,0.155,39.2,0,0.872
Louisiana,LA,2019,LA2019,0,0,0,15.100,0.481,58890,549.3,0.412,37.7,0,0.86
Maine,ME,2019,ME2019,1,1,2019,20.500,0.484,75800,115.2,0.068,45.1,0,0.932
Maryland,MD,2019,MD2019,1,1,2018,10.900,0.48,108900,454.1,0.501,39,1,0.904
Massachusetts,MA,2019,MA2019,1,1,2019,9.400,0.486,99900,327.6,0.295,39.7,1,0.913
Michigan,MI,2019,MI2019,0,0,0,14.700,0.49,73030,437.4,0.251,39.8,0,0.914
Mississippi,MS,2019,MS2019,0,0,0,14.600,0.475,51010,277.9,0.434,38.3,1,0.853
Missouri,MO,2019,MO2019,0,0,0,18.600,0.487,69020,495,0.206,38.9,1,0.907
Montana,MT,2019,MT2019,0,0,0,27.000,0.499,68560,404.9,0.139,40.5,0,0.942
Nebraska,NE,2019,NE2019,0,0,0,16.000,0.497,83230,300.9,0.215,36.8,1,0.92
Nevada,NV,2019,NV2019,1,1,2018,20.800,0.497,80760,493.8,0.522,38.4,0,0.869
New Hampshire,NH,2019,NH2019,1,1,2019,18.800,0.494,98980,152.5,0.102,43,1,0.933
New Jersey,NJ,2019,NJ2019,1,1,2013,8.600,0.487,99920,206.9,0.455,40.2,0,0.903
New Mexico,NM,2019,NM2019,1,1,2017,24.500,0.488,60500,832.2,0.633,38.6,0,0.859
New York,NY,2019,NY2019,1,1,2019,8.800,0.484,81840,358.6,0.448,39.2,0,0.876
North Carolina,NC,2019,NC2019,0,0,0,12.900,0.48,69660,371.8,0.373,39.1,0,0.886
Ohio,OH,2019,OH2019,0,0,0,15.400,0.489,73650,293.2,0.214,39.6,1,0.908
Oklahoma,OK,2019,OK2019,0,0,0,20.600,0.49,67650,431.8,0.35,37,1,0.884
Oregon,OR,2019,OR2019,1,1,2015,21.500,0.492,84760,284.4,0.25,39.7,0,0.914
Pennsylvania,PA,2019,PA2019,0,0,0,14.800,0.487,80390,306.4,0.24,40.8,0,0.91
Rhode Island,RI,2019,RI2019,1,1,2017,11.600,0.489,79900,221.1,0.295,40.1,0,0.893
South Carolina,SC,2019,SC2019,0,0,0,16.500,0.477,70650,511.3,0.363,39.9,1,0.883
South Dakota,SD,2019,SD2019,0,0,0,20.600,0.504,73190,399,0.181,37.7,1,0.921
Tennessee,TN,2019,TN2019,0,0,0,17.800,0.484,64500,595.2,0.264,39,1,0.88
Texas,TX,2019,TX2019,0,0,0,13.400,0.491,76820,418.9,0.589,35.1,1,0.846
Vermont,VT,2019,VT2019,1,1,2016,17.600,0.494,84630,202.2,0.072,42.8,1,0.931
Washington,WA,2019,WA2019,1,1,2018,16.600,0.497,93910,293.9,0.325,37.9,0,0.917
West Virginia,WV,2019,WV2019,0,0,0,18.400,0.491," 61,170.00 ",316.600,0.075,42.900,1,0.871
Wisconsin,WI,2019,WI2019,0,0,0,14.500,0.493," 74,190.00 ",217.400,0.190,39.900,1,0.928
Wyoming,WY,2019,WY2019,0,0,0,29.400,0.509," 76,720.00 ",293.200,0.162,38.100,1,0.945
Alabama,AL,2020,AL2020,0,0,0,16.100,0.481,61650,453.5579572,0.351,39.2,1,0.87
Alaska,AK,2020,AK2020,0,0,0,27.900,0.5095,84260,837.8490012,0.4105,34.6,1,0.93
Arizona,AZ,2020,AZ2020,0,0,0,18.400,0.494,75620,484.8141207,0.4685,37.9,1,0.88
Arkansas,AR,2020,AR2020,0,0,0,19.200,0.487,57240,671.9304463,0.298,38.3,1,0.87
California,CA,2020,CA2020,1,1,2013,10.500,0.4955,87530,442.0485044,0.647,36.7,0,0.84
Colorado,CO,2020,CO2020,1,1,2019,22.400,0.5015,94440,423.0576583,0.3345,36.9,0,0.92
Connecticut,CT,2020,CT2020,1,1,2017,10.200,0.488,89540,181.5852995,0.3575,41.1,0,0.91
Delaware,DE,2020,DE2020,1,1,2018,12.600,0.4815,78930,431.8971554,0.3955,41,0,0.91
Florida,FL,2020,FL2020,0,0,0,14.400,0.4865,65110,383.5954686,0.479,42.2,1,0.89
Georgia,GA,2020,GA2020,0,0,0,13.900,0.4825,66810,400.0927356,0.4885,36.9,1,0.88
Hawaii,HI,2020,HI2020,1,1,2018,13.000,0.4895,91110,254.1566987,0.8,39.4,0,0.93
Idaho,ID,2020,ID2020,0,0,0,22.900,0.499,75220,242.5950223,0.198,36.6,1,0.91
Illinois,IL,2020,IL2020,1,1,2016,10.800,0.4895,83790,425.9135827,0.4005,38.3,0,0.9
Indiana,IN,2020,IN2020,0,0,0,15.200,0.4915,75310,357.6782844,0.2235,37.8,1,0.89
Iowa,IA,2020,IA2020,0,0,0,17.400,0.497,77570,303.4871147,0.158,38.3,1,0.93
Kansas,KS,2020,KS2020,0,0,0,18.200,0.494,82380,425.0456019,0.2545,36.9,0,0.91
Kentucky,KY,2020,KY2020,0,0,0,17.900,0.4905,63980,259.0875517,0.1625,39,0,0.87
Louisiana,LA,2020,LA2020,0,0,0,13.800,0.4815,57700,639.4395389,0.419,37.2,0,0.86
Maine,ME,2020,ME2020,1,1,2019,17.300,0.4875,71800,108.5812519,0.084,44.8,0,0.93
Maryland,MD,2020,MD2020,1,1,2018,9.700,0.481,106900,399.8644606,0.51,38.8,1,0.91
Massachusetts,MA,2020,MA2020,1,1,2019,8.900,0.4875,98980,308.8093346,0.309,39.6,1,0.91
Michigan,MI,2020,MI2020,0,0,0,14.500,0.4915,72590,478.0087001,0.26,39.8,0,0.91
Mississippi,MS,2020,MS2020,0,0,0,13.800,0.478,50880,291.1568276,0.4375,37.7,1,0.85
Missouri,MO,2020,MO2020,0,0,0,18.300,0.488,70090,542.7089246,0.219,38.7,1,0.91
Montana,MT,2020,MT2020,0,0,0,27.800,0.503,63960,469.8415754,0.1505,40.1,0,0.94
Nebraska,NE,2020,NE2020,0,0,0,14.600,0.4975,81440,334.0813563,0.2245,36.6,1,0.92
Nevada,NV,2020,NV2020,1,1,2018,19.200,0.499,68950,460.2870573,0.5355,38.2,0,0.87
New Hampshire,NH,2020,NH2020,1,1,2019,17.100,0.497,100200,146.3834148,0.113,43,1,0.93
New Jersey,NJ,2020,NJ2020,1,1,2013,7.600,0.4885,96430,195.3645035,0.4665,40,0,0.9
New Mexico,NM,2020,NM2020,1,1,2017,24.500,0.489,57380,778.2771745,0.6425,38.1,0,0.87
New York,NY,2020,NY2020,1,1,2019,8.500,0.4855,77400,363.7576398,0.4565,39,0,0.87
North Carolina,NC,2020,NC2020,0,0,0,13.600,0.4815,68120,419.3165002,0.381,38.9,0,0.89
Ohio,OH,2020,OH2020,0,0,0,14.000,0.4895,68060,308.7601983,0.2235,39.5,1,0.91
Oklahoma,OK,2020,OK2020,0,0,0,21.800,0.4925,59150,458.578124,0.3605,36.7,1,0.89
Oregon,OR,2020,OR2020,1,1,2015,19.600,0.4945,86630,291.8773917,0.2645,39.5,0,0.91
Pennsylvania,PA,2020,PA2020,0,0,0,13.300,0.4895,79800,389.5174108,0.2505,40.9,0,0.91
Rhode Island,RI,2020,RI2020,1,1,2017,8.900,0.489,90380,230.8147097,0.303,40,0,0.89
South Carolina,SC,2020,SC2020,0,0,0,16.600,0.4795,68020,530.6781857,0.3675,39.7,1,0.88
South Dakota,SD,2020,SD2020,0,0,0,20.800,0.5055,79120,501.3906983,0.1895,37.2,1,0.92
Tennessee,TN,2020,TN2020,0,0,0,17.700,0.4855,61970,672.7038869,0.2705,38.8,1,0.88
Texas,TX,2020,TX2020,0,0,0,13.400,0.493,77110,446.459848,0.598,34.8,1,0.84
Vermont,VT,2020,VT2020,1,1,2016,18.800,0.495,75810,173.4186577,0.083,42.8,1,0.94
Washington,WA,2020,WA2020,1,1,2018,15.800,0.498,91710,293.6982005,0.3395,37.8,0,0.92
West Virginia,WV,2020,WV2020,0,0,0,19.800,0.493," 58,580.00 ",355.897,0.085,42.700,1,0.880
Wisconsin,WI,2020,WI2020,0,0,0,14.800,0.496," 73,780.00 ",234.232,0.199,39.600,0,0.926
Wyoming,WY,2020,WY2020,0,0,0,31.300,0.510," 75,980.00 ",323.369,0.175,38.000,1,0.940
Alabama,AL,2021,AL2021,0,0,0,15.800,0.481,61390,348.3274539,0.356,39.8,1,0.879
Alaska,AK,2021,AK2021,0,0,0,30.800,0.512,87490,759.0760874,0.421,35.6,1,0.933
Arizona,AZ,2021,AZ2021,0,0,0,19.500,0.495,76370,425.6369378,0.479,38.6,1,0.89
Arkansas,AR,2021,AR2021,0,0,0,20.600,0.49,54760,702.4485803,0.317,38.5,1,0.887
California,CA,2021,CA2021,1,1,2013,10.100,0.497,87960,481.1666027,0.658,37.6,0,0.844
Colorado,CO,2021,CO2021,1,1,2019,22.800,0.502,91610,480.3746909,0.347,37.6,0,0.924
Connecticut,CT,2021,CT2021,1,1,2017,10.000,0.489,87300,168.6006477,0.372,41.1,0,0.911
Delaware,DE,2021,DE2021,1,1,2018,13.600,0.481,74070,419.1849778,0.405,41.6,0,0.914
Florida,FL,2021,FL2021,0,0,0,14.000,0.488,64410,337.327136,0.488,42.8,1,0.898
Georgia,GA,2021,GA2021,0,0,0,15.300,0.483,66310,349.8414771,0.497,37.5,1,0.89
Hawaii,HI,2021,HI2021,1,1,2018,13.700,0.491,88630,273.9860443,0.804,40.2,0,0.929
Idaho,ID,2021,ID2021,0,0,0,20.500,0.499,82940,240.7691169,0.212,37.3,1,0.913
Illinois,IL,2021,IL2021,1,1,2016,11.100,0.492,85460,344.768903,0.41,39,0,0.902
Indiana,IN,2021,IN2021,0,0,0,16.400,0.493,75690,332.5881496,0.233,38.2,1,0.906
Iowa,IA,2021,IA2021,0,0,0,17.500,0.499,78100,295.0255638,0.169,38.5,1,0.933
Kansas,KS,2021,KS2021,0,0,0,19.400,0.498,81930,444.9062977,0.266,37.3,0,0.919
Kentucky,KY,2021,KY2021,0,0,0,17.900,0.491,59980,268.9617358,0.17,39.1,0,0.88
Louisiana,LA,2021,LA2021,0,0,0,14.800,0.482,61690,662.7480118,0.426,38,0,0.867
Maine,ME,2021,ME2021,1,1,2019,19.500,0.491,76710,112.9071373,0.1,44.7,0,0.945
Maryland,MD,2021,MD2021,1,1,2018,9.700,0.482,105000,435.1044034,0.519,39.3,1,0.911
Massachusetts,MA,2021,MA2021,1,1,2019,8.000,0.489,93340,301.0577007,0.323,39.9,1,0.911
Michigan,MI,2021,MI2021,0,0,0,14.300,0.493,69540,491.108148,0.269,40.2,0,0.92
Mississippi,MS,2021,MS2021,0,0,0,16.200,0.481,50290,255.3578706,0.441,38.6,1,0.865
Missouri,MO,2021,MO2021,0,0,0,18.700,0.489,68570,524.2938088,0.232,39.2,1,0.916
Montana,MT,2021,MT2021,0,0,0,32.000,0.507,70090,469.7950782,0.162,40.1,0,0.944
Nebraska,NE,2021,NE2021,0,0,0,15.000,0.498,84220,296.96153,0.234,37.2,1,0.922
Nevada,NV,2021,NV2021,1,1,2018,21.500,0.501,69380,431.9854869,0.549,38.7,0,0.872
New Hampshire,NH,2021,NH2021,1,1,2019,15.100,0.5,95800,129.7292622,0.124,43.1,1,0.944
New Jersey,NJ,2021,NJ2021,1,1,2013,7.100,0.49,95490,183.4599865,0.478,40.3,0,0.91
New Mexico,NM,2021,NM2021,1,1,2017,25.000,0.49,57650,820.8148905,0.652,39.1,0,0.875
New York,NY,2021,NY2021,1,1,2019,7.900,0.487,78630,308.3319888,0.465,39.8,0,0.88
North Carolina,NC,2021,NC2021,0,0,0,13.200,0.483,67820,419.5389217,0.389,39.4,0,0.897
Ohio,OH,2021,OH2021,0,0,0,14.600,0.49,67600,317.4083174,0.233,39.6,1,0.917
Oklahoma,OK,2021,OK2021,0,0,0,22.100,0.495,64800,438.0359413,0.371,37.2,1,0.887
Oregon,OR,2021,OR2021,1,1,2015,19.500,0.497,88260,341.2822542,0.279,40.1,0,0.919
Pennsylvania,PA,2021,PA2021,0,0,0,13.900,0.492,78310,281.7693956,0.261,40.9,0,0.919
Rhode Island,RI,2021,RI2021,1,1,2017,10.300,0.489,80850,200.4585295,0.311,40.6,0,0.891
South Carolina,SC,2021,SC2021,0,0,0,15.200,0.482,67440,513.8384978,0.372,40.2,1,0.896
South Dakota,SD,2021,SD2021,0,0,0,23.200,0.507,79680,391.7809687,0.198,37.6,1,0.931
Tennessee,TN,2021,TN2021,0,0,0,17.000,0.487,67030,671.7945178,0.277,39.2,1,0.897
Texas,TX,2021,TX2021,0,0,0,14.200,0.495,72680,453.0248524,0.607,35.5,1,0.854
Vermont,VT,2021,VT2021,1,1,2016,20.300,0.496,82040,193.9805741,0.094,42.9,1,0.945
Washington,WA,2021,WA2021,1,1,2018,15.300,0.499,94510,335.7170402,0.354,38.2,0,0.923
West Virginia,WV,2021,WV2021,0,0,0,20.600,0.494," 50,500.00 ",291.511,0.094,42.800,1,0.888
Wisconsin,WI,2021,WI2021,0,0,0,15.100,0.499," 75,420.00 ",325.403,0.207,40.100,0,0.933
Wyoming,WY,2021,WY2021,0,0,0,32.300,0.510," 76,620.00 ",223.820,0.207,39.000,1,0.936