STATE,STATE_AB,YEAR,STATE_YEAR,Ban Year,Column1,TOTAL_SUICIDE,FEMALE_SUICIDE,MALE_SUICIDE,GENDER,MEDIAN_INCOME,CRIME_RATE,BAN_POLICY,DIVERSITY,MEDIAN_AGE,POL_AFF,EDUCATION_RATE
Alabama,AL,2012,AL2012,0,0,15,5.6,25.1,0.48,53970,449.9,0,0.33,38.2,1,0.84
Alabama,AL,2013,AL2013,0,0,14.9,6.1,24.2,0.481,58050,430.8,0,0.334,38.3,1,0.845
Alabama,AL,2014,AL2014,0,0,14.7,5.8,24.2,0.482,51140,427.4,0,0.334,38.6,1,0.85
Alabama,AL,2015,AL2015,0,0,15.4,6.4,25.1,0.481,53880,472.4,0,0.338,38.7,1,0.849
Alabama,AL,2016,AL2016,0,0,16.2,6.5,26.5,0.481,56660,532.3,0,0.34,39,1,0.851
Alabama,AL,2017,AL2017,0,0,17.1,6,29,0.482,59980,524.2,0,0.342,38.9,1,0.865
Alabama,AL,2018,AL2018,0,0,16.8,7.2,27.2,0.481,57720,519.6,0,0.344,39.3,1,0.866
Alabama,AL,2019,AL2019,0,0,16.4,6.9,26.6,0.481,64010,510.8,0,0.346,39.4,1,0.871
Alabama,AL,2020,AL2020,0,0,16.1,6.5,26.4,0.481,61650,453.5579572,0,0.351,39.2,1,0.87
Alabama,AL,2021,AL2021,0,0,15.8,,,,,,0,,,,
Alaska,AK,2012,AK2012,0,0,23,8,36.7,0.516,79030,603.2,0,0.368,33.8,1,0.92
Alaska,AK,2013,AK2013,0,0,23.1,9.7,35.3,0.513,88910,640.4,0,0.375,33.1,1,0.916
Alaska,AK,2014,AK2014,0,0,22.7,8.3,35.6,0.517,81800,635.8,0,0.375,33.3,0,0.93
Alaska,AK,2015,AK2015,0,0,27.2,13.5,39.6,0.514,90920,730.2,0,0.385,33.3,0,0.926
Alaska,AK,2016,AK2016,0,0,26,13,37.9,0.517,90860,804.2,0,0.386,33.5,0,0.931
Alaska,AK,2017,AK2017,0,0,27,11.6,41.1,0.513,91960,829,0,0.39,34.5,0,0.917
Alaska,AK,2018,AK2018,0,0,25,11.3,37.4,0.503,79450,885,0,0.399,34.9,0,0.933
Alaska,AK,2019,AK2019,0,0,28.7,12,44,0.507,89290,867.1,0,0.4,35,1,0.936
Alaska,AK,2020,AK2020,0,0,27.9,11.2,43.2,0.5095,84260,837.8490012,0,0.4105,34.6,1,0.93
Alaska,AK,2021,AK2021,0,0,30.8,,,,,,0,,,,
Arizona,AZ,2012,AZ2012,0,0,17.6,8,27.2,0.492,58410,428.9,0,0.428,36.6,1,0.86
Arizona,AZ,2013,AZ2013,0,0,17.5,8,27.2,0.492,64540,416.5,0,0.432,36.8,1,0.859
Arizona,AZ,2014,AZ2014,0,0,18.4,8.8,28.2,0.49,59580,399.9,0,0.432,36.9,1,0.86
Arizona,AZ,2015,AZ2015,0,0,18.7,9,28.5,0.49,63250,410.2,0,0.442,37.4,1,0.861
Arizona,AZ,2016,AZ2016,0,0,18.3,8.2,28.6,0.492,68510,470.1,0,0.445,37.5,1,0.867
Arizona,AZ,2017,AZ2017,0,0,18.9,8.8,29.1,0.492,70390,508,0,0.45,37.7,1,0.872
Arizona,AZ,2018,AZ2018,0,0,20,8,32.2,0.492,71990,474.9,0,0.455,38,1,0.875
Arizona,AZ,2019,AZ2019,0,0,19.5,8.6,30.5,0.493,80500,455.3,0,0.458,38.3,1,0.876
Arizona,AZ,2020,AZ2020,0,0,18.4,7.8,29,0.494,75620,484.8141207,0,0.4685,37.9,1,0.88
Arizona,AZ,2021,AZ2021,0,0,19.5,,,,,,0,,,,
Arkansas,AR,2012,AR2012,0,0,16.4,6.6,26.6,0.488,48450,469.1,0,0.258,37.6,0,0.85
Arkansas,AR,2013,AR2013,0,0,17.4,6.3,28.9,0.491,48310,460.3,0,0.262,37.8,0,0.844
Arkansas,AR,2014,AR2014,0,0,17.3,7.2,27.8,0.487,54340,480.1,0,0.262,37.8,0,0.85
Arkansas,AR,2015,AR2015,0,0,19.4,8.4,30.7,0.486,51810,521.3,0,0.269,37.9,1,0.854
Arkansas,AR,2016,AR2016,0,0,18.5,9.3,28.1,0.488,55080,550.9,0,0.27,38,1,0.86
Arkansas,AR,2017,AR2017,0,0,21,9.6,32.9,0.489,58660,554.9,0,0.275,38.1,1,0.867
Arkansas,AR,2018,AR2018,0,0,18.4,7.8,29.4,0.486,57540,543.6,0,0.278,38.1,1,0.872
Arkansas,AR,2019,AR2019,0,0,18.2,6.9,29.8,0.484,62120,584.6,0,0.279,38.8,1,0.875
Arkansas,AR,2020,AR2020,0,0,19.2,6.5,32.4,0.487,57240,671.9304463,0,0.298,38.3,1,0.87
Arkansas,AR,2021,AR2021,0,0,20.6,,,,,,0,,,,
California,CA,2012,CA2012,2012,1,10.2,4.4,16.1,0.493,70800,423.1,1,0.608,35.5,0,0.82
California,CA,2013,CA2013,2012,1,10.5,4.9,16.1,0.494,74580,402.1,1,0.611,35.7,0,0.817
California,CA,2014,CA2014,2012,1,10.8,5,16.8,0.493,73170,396.1,1,0.611,36,0,0.82
California,CA,2015,CA2015,2012,1,10.6,5,16.3,0.493,77030,426.3,1,0.622,36.2,0,0.822
California,CA,2016,CA2016,2012,1,10.9,5,16.9,0.494,79960,445.3,1,0.625,36.4,0,0.824
California,CA,2017,CA2017,2012,1,10.9,4.8,17,0.494,82580,449.3,1,0.63,36.5,0,0.833
California,CA,2018,CA2018,2012,1,11.3,5,17.7,0.494,81480,447.4,1,0.633,36.7,0,0.838
California,CA,2019,CA2019,2012,1,11.2,4.8,17.7,0.494,88960,441.2,1,0.636,37,0,0.84
California,CA,2020,CA2020,2012,1,10.5,4.6,16.5,0.4955,87530,442.0485044,1,0.647,36.7,0,0.84
California,CA,2021,CA2021,2012,1,10.1,,,,,,1,,,,
Colorado,CO,2012,CO2012,2019,1,20.2,9.3,31,0.497,71090,308.9,0,0.303,36.2,0,0.91
Colorado,CO,2013,CO2013,2019,1,19.1,9.8,28.3,0.498,83310,308,0,0.306,36.4,0,0.905
Colorado,CO,2014,CO2014,2019,1,20.2,9,31.2,0.498,73710,309.1,0,0.306,36.3,0,0.91
Colorado,CO,2015,CO2015,2019,1,20,9.1,30.8,0.498,80610,321,0,0.314,36.4,0,0.912
Colorado,CO,2016,CO2016,2019,1,21.1,9.5,32.5,0.499,84670,342.6,0,0.313,36.7,0,0.914
Colorado,CO,2017,CO2017,2019,1,21,10,31.9,0.499,88420,368.1,0,0.317,36.8,0,0.916
Colorado,CO,2018,CO2018,2019,1,22.5,10.6,34.2,0.498,84420,397.2,0,0.32,36.9,0,0.919
Colorado,CO,2019,CO2019,2019,1,22.8,10.8,34.5,0.501,82580,381,1,0.322,37.1,0,0.924
Colorado,CO,2020,CO2020,2019,1,22.4,9.6,35,0.5015,94440,423.0576583,1,0.3345,36.9,0,0.92
Colorado,CO,2021,CO2021,2019,1,22.8,,,,,,1,,,,
Connecticut,CT,2012,CT2012,2017,1,10.2,5,15.7,0.485,79770,283,0,0.298,40.4,0,0.9
Connecticut,CT,2013,CT2013,2017,1,9.2,4,14.7,0.486,85010,262.5,0,0.305,40.5,0,0.897
Connecticut,CT,2014,CT2014,2017,1,10.5,5.6,15.7,0.486,84870,236.9,0,0.305,40.5,0,0.9
Connecticut,CT,2015,CT2015,2017,1,10.7,5.6,16,0.487,88230,218.5,0,0.32,40.6,0,0.902
Connecticut,CT,2016,CT2016,2017,1,11.1,6.3,16.1,0.486,91100,227.1,0,0.324,40.9,0,0.905
Connecticut,CT,2017,CT2017,2017,1,11.3,5.3,17.6,0.486,87620,228,1,0.333,40.9,0,0.904
Connecticut,CT,2018,CT2018,2017,1,11.7,5.8,18,0.485,84160,207.4,1,0.337,41.1,0,0.909
Connecticut,CT,2019,CT2019,2017,1,12.2,5.7,19,0.487,99420,183.6,1,0.343,41.2,0,0.907
Connecticut,CT,2020,CT2020,2017,1,10.2,4.6,16.1,0.488,89540,181.5852995,1,0.3575,41.1,0,0.91
Connecticut,CT,2021,CT2021,2017,1,10,,,,,,1,,,,
Delaware,DE,2012,DE2012,2018,1,13.6,5.9,21.8,0.483,60810,547.4,0,0.355,39.2,0,0.89
Delaware,DE,2013,DE2013,2018,1,13.2,6.5,20.3,0.482,66360,491.4,0,0.357,39.1,0,0.883
Delaware,DE,2014,DE2014,2018,1,13.5,5.4,22.1,0.482,69580,489.1,0,0.357,39.6,0,0.89
Delaware,DE,2015,DE2015,2018,1,12.9,7.2,19,0.479,69910,499,0,0.368,39.7,0,0.889
Delaware,DE,2016,DE2016,2018,1,12.5,4.3,21.3,0.48,69650,508.8,0,0.37,40.6,0,0.893
Delaware,DE,2017,DE2017,2018,1,11.6,,21.1,0.481,76600,453.4,0,0.374,40.1,0,0.906
Delaware,DE,2018,DE2018,2018,1,11.7,4,19.9,0.479,75140,423.6,1,0.379,41.1,0,0.898
Delaware,DE,2019,DE2019,2018,1,11.4,6.2,17,0.482,84510,422.6,1,0.386,41.4,0,0.903
Delaware,DE,2020,DE2020,2018,1,12.6,,22.9,0.4815,78930,431.8971554,1,0.3955,41,0,0.91
Delaware,DE,2021,DE2021,2018,1,13.6,,,,,,1,,,,
Florida,FL,2012,FL2012,0,0,15.5,7.5,23.9,0.485,57210,487.1,0,0.431,41.1,1,0.87
Florida,FL,2013,FL2013,0,0,14.9,6.9,23.3,0.485,59540,470.4,0,0.437,41.5,1,0.868
Florida,FL,2014,FL2014,0,0,15.2,6.9,23.9,0.485,55810,540.5,0,0.437,41.6,1,0.87
Florida,FL,2015,FL2015,0,0,15.8,7.3,24.6,0.484,59100,461.9,0,0.448,41.8,1,0.876
Florida,FL,2016,FL2016,0,0,15.2,7.4,23.4,0.485,61400,430.3,0,0.453,42.1,1,0.874
Florida,FL,2017,FL2017,0,0,15.3,6.8,24.2,0.485,62600,408,0,0.461,42,1,0.884
Florida,FL,2018,FL2018,0,0,16.7,7,26.9,0.484,63160,384.9,0,0.467,42.2,1,0.885
Florida,FL,2019,FL2019,0,0,16.1,7.3,25.4,0.485,66480,378.4,0,0.47,42.4,1,0.884
Florida,FL,2020,FL2020,0,0,14.4,6.4,22.7,0.4865,65110,383.5954686,0,0.479,42.2,1,0.89
Florida,FL,2021,FL2021,0,0,14,,,,,,0,,,,
Georgia,GA,2012,GA2012,0,0,11.7,5.2,18.6,0.483,59750,378.9,0,0.447,35.7,1,0.85
Georgia,GA,2013,GA2013,0,0,12,5.2,19.2,0.483,57650,365.7,0,0.451,35.9,1,0.855
Georgia,GA,2014,GA2014,0,0,12.8,5.7,20.2,0.482,59940,377.3,0,0.451,36.1,1,0.86
Georgia,GA,2015,GA2015,0,0,12.9,5.9,20.2,0.482,61450,378.3,0,0.46,36.4,1,0.861
Georgia,GA,2016,GA2016,0,0,13.6,5.9,21.8,0.481,64230,397.6,0,0.466,36.5,1,0.864
Georgia,GA,2017,GA2017,0,0,13.9,6.4,21.8,0.481,68370,357.2,0,0.471,36.8,1,0.87
Georgia,GA,2018,GA2018,0,0,14.9,6.5,23.8,0.481,64520,326.6,0,0.475,36.8,1,0.876
Georgia,GA,2019,GA2019,0,0,14.9,6.3,24.1,0.482,64500,340.7,0,0.48,37.2,1,0.879
Georgia,GA,2020,GA2020,0,0,13.9,5.2,23.1,0.4825,66810,400.0927356,0,0.4885,36.9,1,0.88
Georgia,GA,2021,GA2021,0,0,15.3,,,,,,0,,,,
Hawaii,HI,2012,HI2012,2018,1,13.6,5.6,21.5,0.494,69860,239.2,0,0.783,38.3,0,0.9
Hawaii,HI,2013,HI2013,2018,1,12.2,5.8,18.5,0.489,78800,251.6,0,0.783,38.1,0,0.91
Hawaii,HI,2014,HI2014,2018,1,14.4,5.8,22.7,0.491,86150,259.2,0,0.783,38.1,0,0.92
Hawaii,HI,2015,HI2015,2018,1,14,6.1,21.8,0.49,78090,293.4,0,0.783,37.7,0,0.909
Hawaii,HI,2016,HI2016,2018,1,12.2,4.1,20.2,0.492,86550,309.2,0,0.789,38.9,0,0.92
Hawaii,HI,2017,HI2017,2018,1,15.9,8.2,23.6,0.488,86780,250.6,0,0.793,39.2,0,0.923
Hawaii,HI,2018,HI2018,2018,1,12.4,5.6,19.1,0.49,92590,248.6,1,0.794,39.3,0,0.92
Hawaii,HI,2019,HI2019,2018,1,15.8,5.9,25.7,0.488,100200,285.5,1,0.796,39.6,0,0.924
Hawaii,HI,2020,HI2020,2018,1,13,7.7,18.3,0.4895,91110,254.1566987,1,0.8,39.4,0,0.93
Hawaii,HI,2021,HI2021,2018,1,13.7,,,,,,1,,,,
Idaho,ID,2012,ID2012,0,0,18.6,8,29.2,0.498,59500,207.9,0,0.164,35.2,1,0.9
Idaho,ID,2013,ID2013,0,0,19.1,7.9,30.2,0.499,59460,217,0,0.167,35.7,1,0.894
Idaho,ID,2014,ID2014,0,0,19.6,9.8,29.3,0.496,64640,212.2,0,0.167,35.9,1,0.9
Idaho,ID,2015,ID2015,0,0,21.7,9.4,33.9,0.497,62490,215.6,0,0.172,35.8,1,0.9
Idaho,ID,2016,ID2016,0,0,20.9,9.8,31.9,0.496,67870,230.3,0,0.175,36.1,1,0.904
Idaho,ID,2017,ID2017,0,0,22.8,8.4,37.2,0.501,70160,226.4,0,0.179,36.3,1,0.908
Idaho,ID,2018,ID2018,0,0,23.8,10.5,37,0.499,67880,227.1,0,0.181,36.8,1,0.909
Idaho,ID,2019,ID2019,0,0,20.4,9,31.8,0.499,75160,223.8,0,0.184,36.9,1,0.915
Idaho,ID,2020,ID2020,0,0,22.9,8.7,37.1,0.499,75220,242.5950223,0,0.198,36.6,1,0.91
Idaho,ID,2021,ID2021,0,0,20.5,,,,,,0,,,,
Illinois,IL,2012,IL2012,2016,1,10,4,16.3,0.488,64240,414.8,0,0.37,37,0,0.88
Illinois,IL,2013,IL2013,2016,1,10.2,4.5,16.2,0.489,66170,380.2,0,0.372,37.2,0,0.878
Illinois,IL,2014,IL2014,2016,1,10.8,4.4,17.5,0.488,66430,370,0,0.372,37.5,1,0.88
Illinois,IL,2015,IL2015,2016,1,10.6,4.4,17,0.487,73130,383.8,0,0.381,37.7,1,0.886
Illinois,IL,2016,IL2016,2016,1,11,4.9,17.4,0.488,73650,436.3,1,0.382,37.9,1,0.888
Illinois,IL,2017,IL2017,2016,1,11.5,5,18.2,0.489,77790,438.8,1,0.387,38,1,0.891
Illinois,IL,2018,IL2018,2016,1,11.7,5,18.5,0.49,81080,404.1,1,0.39,38.3,1,0.895
Illinois,IL,2019,IL2019,2016,1,11.3,5.1,17.8,0.487,84740,406.9,1,0.391,38.6,1,0.898
Illinois,IL,2020,IL2020,2016,1,10.8,4.5,17.4,0.4895,83790,425.9135827,1,0.4005,38.3,0,0.9
Illinois,IL,2021,IL2021,2016,1,11.1,,,,,,1,,,,
Indiana,IN,2012,IN2012,0,0,14.4,5.7,23.3,0.49,57310,345.7,0,0.189,37.3,1,0.88
Indiana,IN,2013,IN2013,0,0,14.4,5.6,23.3,0.489,60670,357.4,0,0.193,37.3,1,0.876
Indiana,IN,2014,IN2014,0,0,14.4,5.7,23.3,0.49,58130,365.3,0,0.193,37.4,1,0.88
Indiana,IN,2015,IN2015,0,0,14.5,5.6,23.6,0.49,62930,387.5,0,0.199,37.5,1,0.882
Indiana,IN,2016,IN2016,0,0,15.6,5.8,25.7,0.49,67310,404.7,0,0.202,37.6,1,0.884
Indiana,IN,2017,IN2017,0,0,16.4,5.8,27.3,0.49,69290,399,0,0.206,37.7,1,0.886
Indiana,IN,2018,IN2018,0,0,16.1,7.4,25.1,0.489,69230,382.3,0,0.21,37.8,1,0.89
Indiana,IN,2019,IN2019,0,0,14.4,5.2,23.9,0.49,75960,370.8,0,0.214,38,1,0.896
Indiana,IN,2020,IN2020,0,0,15.2,5.7,24.9,0.4915,75310,357.6782844,0,0.2235,37.8,1,0.89
Indiana,IN,2021,IN2021,0,0,16.4,,,,,,0,,,,
Iowa,IA,2012,IA2012,0,0,12.5,4.8,20.2,0.495,66360,263.9,0,0.119,38,1,0.92
Iowa,IA,2013,IA2013,0,0,14.5,5.3,23.7,0.494,73800,271.4,0,0.124,38,1,0.916
Iowa,IA,2014,IA2014,0,0,13.1,5.1,21.2,0.497,69930,273.5,0,0.124,38.2,1,0.92
Iowa,IA,2015,IA2015,0,0,13.8,6.4,21.4,0.495,73660,286.1,0,0.131,38.1,1,0.917
Iowa,IA,2016,IA2016,0,0,14.4,5,23.9,0.495,70900,290.6,0,0.134,38,1,0.918
Iowa,IA,2017,IA2017,0,0,15.2,5.9,24.6,0.493,74840,293.4,0,0.141,38.3,1,0.921
Iowa,IA,2018,IA2018,0,0,15.5,5.5,25.7,0.496,79430,250.1,0,0.145,38.1,1,0.923
Iowa,IA,2019,IA2019,0,0,16.7,6.1,27.4,0.495,75240,266.6,0,0.147,38.5,1,0.926
Iowa,IA,2020,IA2020,0,0,17.4,6.3,28.7,0.497,77570,303.4871147,0,0.158,38.3,1,0.93
Iowa,IA,2021,IA2021,0,0,17.5,,,,,,0,,,,
Kansas,KS,2012,KS2012,0,0,17.4,6.3,28.6,0.494,62090,354.6,0,0.222,36,1,0.9
Kansas,KS,2013,KS2013,0,0,14.7,5.5,23.9,0.494,58670,339.9,0,0.227,36,1,0.901
Kansas,KS,2014,KS2014,0,0,15.7,6.8,24.6,0.491,64650,348.6,0,0.227,36.2,1,0.9
Kansas,KS,2015,KS2015,0,0,16.4,7.1,25.7,0.493,66410,389.9,0,0.235,36.2,1,0.903
Kansas,KS,2016,KS2016,0,0,17.7,7.7,27.8,0.494,68160,380.4,0,0.235,36.5,1,0.905
Kansas,KS,2017,KS2017,0,0,18.9,8.1,29.8,0.495,67090,413,0,0.239,36.7,1,0.91
Kansas,KS,2018,KS2018,0,0,19.1,8.1,30.2,0.495,73900,439,0,0.24,37.1,1,0.91
Kansas,KS,2019,KS2019,0,0,18,7.3,28.7,0.49,83320,410.8,0,0.243,37.2,0,0.918
Kansas,KS,2020,KS2020,0,0,18.2,7.7,28.7,0.494,82380,425.0456019,0,0.2545,36.9,0,0.91
Kansas,KS,2021,KS2021,0,0,19.4,,,,,,0,,,,
Kentucky,KY,2012,KY2012,0,0,16.5,6.6,26.6,0.487,51020,222.6,0,0.137,38.4,0,0.84
Kentucky,KY,2013,KY2013,0,0,15.9,6.6,25.4,0.489,55060,209.8,0,0.14,38.5,0,0.841
Kentucky,KY,2014,KY2014,0,0,16.5,6.5,26.8,0.491,51750,211.6,0,0.14,38.5,0,0.85
Kentucky,KY,2015,KY2015,0,0,17.5,6.6,28.7,0.489,51310,218.7,0,0.145,38.8,1,0.851
Kentucky,KY,2016,KY2016,0,0,17,7.3,27.1,0.488,54440,232.3,0,0.148,38.7,1,0.857
Kentucky,KY,2017,KY2017,0,0,17.2,6.6,28.1,0.491,58570,225.8,0,0.151,38.9,1,0.863
Kentucky,KY,2018,KY2018,0,0,17.9,6.2,30,0.487,63060,211.9,0,0.152,39.1,1,0.868
Kentucky,KY,2019,KY2019,0,0,16.9,7.1,27.1,0.49,63400,217.1,0,0.155,39.2,0,0.872
Kentucky,KY,2020,KY2020,0,0,17.9,5.5,30.7,0.4905,63980,259.0875517,0,0.1625,39,0,0.87
Kentucky,KY,2021,KY2021,0,0,17.9,,,,,,0,,,,
Louisiana,LA,2012,LA2012,0,0,12.3,5.7,19.3,0.482,48530,496.9,0,0.399,36,1,0.83
Louisiana,LA,2013,LA2013,0,0,12.6,5,20.5,0.482,56950,518.5,0,0.401,36,1,0.831
Louisiana,LA,2014,LA2014,0,0,14.6,7.3,22.2,0.482,51290,514.7,0,0.401,36.1,1,0.84
Louisiana,LA,2015,LA2015,0,0,15.4,5.7,25.6,0.483,55590,539.7,0,0.406,36.4,1,0.846
Louisiana,LA,2016,LA2016,0,0,14.4,6.8,22.4,0.483,50630,566.1,0,0.406,36.5,0,0.844
Louisiana,LA,2017,LA2017,0,0,15.4,6.6,24.5,0.482,51370,557,0,0.412,36.8,0,0.851
Louisiana,LA,2018,LA2018,0,0,15.4,6.7,24.5,0.482,57760,537.5,0,0.412,37.3,0,0.858
Louisiana,LA,2019,LA2019,0,0,15.1,5.9,24.9,0.481,58890,549.3,0,0.412,37.7,0,0.86
Louisiana,LA,2020,LA2020,0,0,13.8,5.1,22.9,0.4815,57700,639.4395389,0,0.419,37.2,0,0.86
Louisiana,LA,2021,LA2021,0,0,14.8,,,,,,0,,,,
Maine,ME,2012,ME2012,2019,1,15.7,5.9,26,0.491,61040,122.7,0,0.058,43.5,1,0.92
Maine,ME,2013,ME2013,2019,1,18.4,7.7,29.7,0.488,67420,129.3,0,0.059,44,1,0.918
Maine,ME,2014,ME2014,2019,1,16.5,6.8,26.7,0.482,62550,127.8,0,0.059,44.1,1,0.92
Maine,ME,2015,ME2015,2019,1,17.7,7.2,28.6,0.489,61440,130.1,0,0.063,44.6,1,0.917
Maine,ME,2016,ME2016,2019,1,16.9,8,26.2,0.486,61020,123.8,0,0.064,44.5,1,0.923
Maine,ME,2017,ME2017,2019,1,20.5,8.5,33,0.489,62870,121,0,0.063,44.6,1,0.923
Maine,ME,2018,ME2018,2019,1,20.2,7.6,33.3,0.485,67810,112.1,0,0.066,45.1,1,0.93
Maine,ME,2019,ME2019,2019,1,20.5,7.3,34.2,0.484,75800,115.2,1,0.068,45.1,0,0.932
Maine,ME,2020,ME2020,2019,1,17.3,6,29.2,0.4875,71800,108.5812519,1,0.084,44.8,0,0.93
Maine,ME,2021,ME2021,2019,1,19.5,,,,,,1,,,,
Maryland,MD,2012,MD2012,2018,1,9.9,3.9,16.2,0.48,89200,476.8,0,0.461,38.1,0,0.89
Maryland,MD,2013,MD2013,2018,1,9.6,4,15.4,0.483,85080,473.8,0,0.468,38.2,1,0.891
Maryland,MD,2014,MD2014,2018,1,10.1,4.4,16.2,0.482,92130,446.1,0,0.468,38.3,1,0.9
Maryland,MD,2015,MD2015,2018,1,9.2,3.7,15,0.48,89090,457.2,0,0.481,38.3,1,0.896
Maryland,MD,2016,MD2016,2018,1,9.7,3.7,16.1,0.48,88500,472,0,0.486,38.5,1,0.901
Maryland,MD,2017,MD2017,2018,1,10.4,4.6,16.6,0.482,96800,500.2,0,0.493,38.7,1,0.899
Maryland,MD,2018,MD2018,2018,1,10.8,5.3,16.6,0.481,99660,468.7,1,0.497,38.8,1,0.905
Maryland,MD,2019,MD2019,2018,1,10.9,4.2,18,0.48,108900,454.1,1,0.501,39,1,0.904
Maryland,MD,2020,MD2020,2018,1,9.7,3.5,16.2,0.481,106900,399.8644606,1,0.51,38.8,1,0.91
Maryland,MD,2021,MD2021,2018,1,9.7,,,,,,1,,,,
Massachusetts,MA,2012,MA2012,2019,1,9.1,4.2,14.2,0.483,79040,405.5,0,0.246,39.5,0,0.9
Massachusetts,MA,2013,MA2013,2019,1,8.5,4.4,12.9,0.484,76710,413.4,0,0.252,39.4,1,0.899
Massachusetts,MA,2014,MA2014,2019,1,8.8,3.6,14.4,0.485,76390,391.4,0,0.252,39.4,1,0.9
Massachusetts,MA,2015,MA2015,2019,1,9.4,4.8,14.4,0.485,82150,390.9,0,0.269,39.4,1,0.902
Massachusetts,MA,2016,MA2016,2019,1,9.2,4.2,14.6,0.486,86710,376.9,0,0.274,39.5,1,0.904
Massachusetts,MA,2017,MA2017,2019,1,9.9,4.6,15.6,0.486,89900,358,0,0.283,39.5,1,0.908
Massachusetts,MA,2018,MA2018,2019,1,10.7,5.1,16.7,0.486,99800,338.1,0,0.292,39.5,1,0.908
Massachusetts,MA,2019,MA2019,2019,1,9.4,4.5,14.6,0.486,99900,327.6,1,0.295,39.7,1,0.913
Massachusetts,MA,2020,MA2020,2019,1,8.9,4.2,13.9,0.4875,98980,308.8093346,1,0.309,39.6,1,0.91
Massachusetts,MA,2021,MA2021,2019,1,8,,,,,,1,,,,
Michigan,MI,2012,MI2012,0,0,12.7,5,20.7,0.489,62100,454.5,0,0.236,39.5,1,0.89
Michigan,MI,2013,MI2013,0,0,13.1,5.5,20.9,0.489,69400,449.9,0,0.238,39.6,1,0.894
Michigan,MI,2014,MI2014,0,0,13.6,5.8,21.8,0.489,62910,427.3,0,0.238,39.6,1,0.9
Michigan,MI,2015,MI2015,0,0,14.2,6,22.7,0.489,65610,415.5,0,0.243,39.7,1,0.901
Michigan,MI,2016,MI2016,0,0,13.7,5.9,21.7,0.489,68500,459,0,0.244,39.7,1,0.904
Michigan,MI,2017,MI2017,0,0,14.6,6.1,23.4,0.49,66510,450,0,0.247,39.8,1,0.909
Michigan,MI,2018,MI2018,0,0,15.5,6.2,25.1,0.49,69870,449.4,0,0.25,39.8,1,0.911
Michigan,MI,2019,MI2019,0,0,14.7,6,23.8,0.49,73030,437.4,0,0.251,39.8,0,0.914
Michigan,MI,2020,MI2020,0,0,14.5,6,23.2,0.4915,72590,478.0087001,0,0.26,39.8,0,0.91
Michigan,MI,2021,MI2021,0,0,14.3,,,,,,0,,,,
Minnesota,MN,2012,MN2012,0,0,12.2,4.6,19.8,0.496,76730,230.9,0,0.176,37.6,0,0.93
Minnesota,MN,2013,MN2013,0,0,12.5,5.3,19.8,0.493,78910,234.4,0,0.18,37.7,0,0.924
Minnesota,MN,2014,MN2014,0,0,12.6,5.9,19.4,0.495,81340,229.1,0,0.18,37.8,0,0.93
Minnesota,MN,2015,MN2015,0,0,13.3,6,20.7,0.497,83200,242.6,0,0.189,37.9,0,0.928
Minnesota,MN,2016,MN2016,0,0,13.5,5.9,21.1,0.496,84250,242.6,0,0.193,37.9,0,0.929
Minnesota,MN,2017,MN2017,0,0,14,5.6,22.4,0.496,82510,238.3,0,0.2,37.9,0,0.931
Minnesota,MN,2018,MN2018,0,0,13.2,4.8,21.6,0.499,83010,220.4,0,0.204,38.2,0,0.934
Minnesota,MN,2019,MN2019,0,0,14.7,6.8,22.7,0.496,92740,236.4,0,0.209,38.4,0,0.936
Minnesota,MN,2020,MN2020,0,0,13.4,5.4,21.5,0.4975,88770,277.4801311,0,0.22,38.1,0,0.93
Minnesota,MN,2021,MN2021,0,0,13.9,,,,,,0,,,,
Mississippi,MS,2012,MS2012,0,0,13.7,5.5,22.4,0.477,45500,260.8,0,0.421,36.2,1,0.82
Mississippi,MS,2013,MS2013,0,0,13,5.4,21,0.48,39670,274.6,0,0.424,36.6,1,0.824
Mississippi,MS,2014,MS2014,0,0,12.7,5.3,20.6,0.481,42970,278.5,0,0.424,36.7,1,0.83
Mississippi,MS,2015,MS2015,0,0,14.3,6,23.2,0.478,48460,275.8,0,0.427,37,1,0.835
Mississippi,MS,2016,MS2016,0,0,12.8,5.1,21,0.476,49310,280.5,0,0.428,37.2,1,0.841
Mississippi,MS,2017,MS2017,0,0,14.8,5.7,24.6,0.48,51030,285.7,0,0.431,37.5,1,0.844
Mississippi,MS,2018,MS2018,0,0,14.1,5.1,23.6,0.478,49450,234.4,0,0.433,37.7,1,0.854
Mississippi,MS,2019,MS2019,0,0,14.6,5.2,24.7,0.475,51010,277.9,0,0.434,38.3,1,0.853
Mississippi,MS,2020,MS2020,0,0,13.8,4,24.2,0.478,50880,291.1568276,0,0.4375,37.7,1,0.85
Mississippi,MS,2021,MS2021,0,0,16.2,,,,,,0,,,,
Missouri,MO,2012,MO2012,0,0,15.2,6.3,24.4,0.487,61790,450.9,0,0.191,38.2,0,0.88
Missouri,MO,2013,MO2013,0,0,15.9,6.2,25.9,0.487,56800,433.4,0,0.194,38.1,0,0.887
Missouri,MO,2014,MO2014,0,0,16.8,6.4,27.5,0.487,68500,442.9,0,0.194,38.5,0,0.89
Missouri,MO,2015,MO2015,0,0,17.3,7.4,27.5,0.488,71660,497.4,0,0.198,38.4,0,0.889
Missouri,MO,2016,MO2016,0,0,18.6,8.7,28.8,0.49,66010,519.4,0,0.202,38.4,0,0.896
Missouri,MO,2017,MO2017,0,0,18.8,7.4,30.6,0.488,66660,530.3,0,0.203,38.5,1,0.897
Missouri,MO,2018,MO2018,0,0,20.1,8.6,32,0.487,71350,502.1,0,0.205,38.8,1,0.905
Missouri,MO,2019,MO2019,0,0,18.6,6.8,30.8,0.487,69020,495,0,0.206,38.9,1,0.907
Missouri,MO,2020,MO2020,0,0,18.3,7,30,0.488,70090,542.7089246,0,0.219,38.7,1,0.91
Missouri,MO,2021,MO2021,0,0,18.7,,,,,,0,,,,
Montana,MT,2012,MT2012,0,0,23.2,9.2,37,0.497,55980,272.2,0,0.128,40.2,0,0.93
Montana,MT,2013,MT2013,0,0,23.9,12.1,35.7,0.497,53000,252.9,0,0.126,39.6,0,0.927
Montana,MT,2014,MT2014,0,0,24.4,10.6,38.1,0.496,61810,323.7,0,0.126,39.6,0,0.93
Montana,MT,2015,MT2015,0,0,26.2,12.7,39.7,0.502,62210,349.6,0,0.131,39.9,0,0.935
Montana,MT,2016,MT2016,0,0,25.6,9.1,41.9,0.502,68480,368.3,0,0.134,40.1,0,0.928
Montana,MT,2017,MT2017,0,0,29.6,12.5,46.5,0.496,67690,377.1,0,0.135,40,0,0.93
Montana,MT,2018,MT2018,0,0,24.9,11,38.7,0.505,66670,374.1,0,0.139,40.1,0,0.939
Montana,MT,2019,MT2019,0,0,27,14.9,39,0.499,68560,404.9,0,0.139,40.5,0,0.942
Montana,MT,2020,MT2020,0,0,27.8,11.2,44.1,0.503,63960,469.8415754,0,0.1505,40.1,0,0.94
Montana,MT,2021,MT2021,0,0,32,,,,,,0,,,,
Nebraska,NE,2012,NE2012,0,0,12.4,4.6,20.4,0.494,64810,259.4,0,0.185,36.3,1,0.91
Nebraska,NE,2013,NE2013,0,0,11.8,4.8,18.8,0.494,70690,262.1,0,0.191,36.3,1,0.902
Nebraska,NE,2014,NE2014,0,0,13.3,5.2,21.6,0.498,68790,280.4,0,0.191,36.2,1,0.9
Nebraska,NE,2015,NE2015,0,0,11.8,4.9,18.6,0.496,73200,274.9,0,0.198,36.1,1,0.91
Nebraska,NE,2016,NE2016,0,0,12.9,4.6,21.2,0.496,71240,291,0,0.2,36.3,1,0.909
Nebraska,NE,2017,NE2017,0,0,14.3,5.6,23.1,0.498,70260,305.9,0,0.208,36.5,1,0.913
Nebraska,NE,2018,NE2018,0,0,14,4.9,23.3,0.496,78110,284.8,0,0.213,36.7,1,0.914
Nebraska,NE,2019,NE2019,0,0,16,6.3,25.7,0.497,83230,300.9,0,0.215,36.8,1,0.92
Nebraska,NE,2020,NE2020,0,0,14.6,4.3,24.9,0.4975,81440,334.0813563,0,0.2245,36.6,1,0.92
Nebraska,NE,2021,NE2021,0,0,15,,,,,,0,,,,
Nevada,NV,2012,NV2012,2017,1,19,10.2,27.7,0.502,58770,607.6,0,0.471,36.8,1,0.85
Nevada,NV,2013,NV2013,2017,1,19.4,9.1,29.5,0.499,63600,603,0,0.478,37.1,1,0.852
Nevada,NV,2014,NV2014,2017,1,20.1,8.8,31.4,0.499,60330,635.6,0,0.478,37.4,1,0.85
Nevada,NV,2015,NV2015,2017,1,19.3,10.2,28.3,0.497,62960,695.9,0,0.494,37.8,1,0.856
Nevada,NV,2016,NV2016,2017,1,22.1,11.1,33,0.498,66510,678.1,0,0.501,37.9,1,0.86
Nevada,NV,2017,NV2017,2017,1,20.9,11,30.8,0.497,68440,555.9,1,0.511,38,1,0.868
Nevada,NV,2018,NV2018,2017,1,21.7,10.9,32.3,0.498,71510,541.1,1,0.515,38.2,1,0.869
Nevada,NV,2019,NV2019,2017,1,20.8,8.9,32.8,0.497,80760,493.8,1,0.522,38.4,0,0.869
Nevada,NV,2020,NV2020,2017,1,19.2,7.7,30.6,0.499,68950,460.2870573,1,0.5355,38.2,0,0.87
Nevada,NV,2021,NV2021,2017,1,21.5,,,,,,1,,,,
New Hampshire,NH,2012,NH2012,2019,1,15.2,6.4,24.2,0.49,84210,187.9,0,0.081,41.9,0,0.92
New Hampshire,NH,2013,NH2013,2019,1,14,6.6,21.6,0.491,84770,215.3,0,0.083,42.3,0,0.928
New Hampshire,NH,2014,NH2014,2019,1,18.6,8.3,29.1,0.493,88780,196.1,0,0.083,42.5,0,0.92
New Hampshire,NH,2015,NH2015,2019,1,17.1,9.2,25.2,0.495,91600,199.3,0,0.087,42.8,0,0.931
New Hampshire,NH,2016,NH2016,2019,1,18.3,9.1,27.7,0.499,91500,197.6,0,0.089,42.7,0,0.928
New Hampshire,NH,2017,NH2017,2019,1,19.7,8.7,31,0.496,89180,198.7,0,0.094,43.2,1,0.931
New Hampshire,NH,2018,NH2018,2019,1,20.6,8.2,33.2,0.494,94020,173.2,0,0.098,43.1,1,0.931
New Hampshire,NH,2019,NH2019,2019,1,18.8,7.1,30.6,0.494,98980,152.5,1,0.102,43,1,0.933
New Hampshire,NH,2020,NH2020,2019,1,17.1,7.8,26.6,0.497,100200,146.3834148,1,0.113,43,1,0.93
New Hampshire,NH,2021,NH2021,2019,1,15.1,,,,,,1,,,,
New Jersey,NJ,2012,NJ2012,2013,1,7.6,3.2,12.3,0.485,82810,290.2,0,0.419,39.4,1,0.88
New Jersey,NJ,2013,NJ2013,2013,1,8.5,3.6,13.5,0.486,78210,288.5,1,0.425,39.4,1,0.885
New Jersey,NJ,2014,NJ2014,2013,1,8.8,4.3,13.5,0.487,78920,261.2,1,0.425,39.4,1,0.89
New Jersey,NJ,2015,NJ2015,2013,1,8.8,4.3,13.5,0.486,82750,255.4,1,0.438,39.6,1,0.891
New Jersey,NJ,2016,NJ2016,2013,1,7.7,3.4,12.1,0.486,82150,245,1,0.443,39.5,1,0.893
New Jersey,NJ,2017,NJ2017,2013,1,8.8,4.4,13.4,0.486,84000,228.8,1,0.45,39.8,1,0.899
New Jersey,NJ,2018,NJ2018,2013,1,8.7,4.1,13.6,0.486,85740,208.1,1,0.453,40,0,0.902
New Jersey,NJ,2019,NJ2019,2013,1,8.6,4.2,13.1,0.487,99920,206.9,1,0.455,40.2,0,0.903
New Jersey,NJ,2020,NJ2020,2013,1,7.6,3.4,12.1,0.4885,96430,195.3645035,1,0.4665,40,0,0.9
New Jersey,NJ,2021,NJ2021,2013,1,7.1,,,,,,1,,,,
New Mexico,NM,2012,NM2012,2017,1,21.1,9.9,32.6,0.493,53920,559.1,0,0.602,36.8,1,0.84
New Mexico,NM,2013,NM2013,2017,1,20.5,10.3,31,0.492,49280,613,0,0.606,36.9,1,0.843
New Mexico,NM,2014,NM2014,2017,1,21.5,9.4,33.9,0.489,56470,597.4,0,0.606,37.2,1,0.84
New Mexico,NM,2015,NM2015,2017,1,24,12,36.2,0.492,54620,656.1,0,0.617,37.4,1,0.846
New Mexico,NM,2016,NM2016,2017,1,22.6,10.2,35.3,0.489,58130,702.5,0,0.621,37.7,1,0.854
New Mexico,NM,2017,NM2017,2017,1,23.5,10.3,36.9,0.493,53770,783.5,1,0.627,37.7,1,0.861
New Mexico,NM,2018,NM2018,2017,1,25.5,12.6,38.8,0.491,55810,856.6,1,0.631,38.1,1,0.854
New Mexico,NM,2019,NM2019,2017,1,24.5,10.9,38.3,0.488,60500,832.2,1,0.633,38.6,0,0.859
New Mexico,NM,2020,NM2020,2017,1,24.5,10.2,39,0.489,57380,778.2771745,1,0.6425,38.1,0,0.87
New Mexico,NM,2021,NM2021,2017,1,25,,,,,,1,,,,
New York,NY,2012,NY2012,2019,1,8.7,4,13.7,0.483,59200,406.8,0,0.426,38.1,0,0.85
New York,NY,2013,NY2013,2019,1,8.6,4,13.4,0.484,61300,393.7,0,0.43,38.2,0,0.856
New York,NY,2014,NY2014,2019,1,8.6,4.3,13.1,0.484,65690,381.8,0,0.43,38.2,0,0.86
New York,NY,2015,NY2015,2019,1,8.3,4.3,12.6,0.484,70210,379.7,0,0.441,38.3,0,0.86
New York,NY,2016,NY2016,2019,1,8.5,4,13.2,0.484,73720,376.2,0,0.444,38.4,0,0.863
New York,NY,2017,NY2017,2019,1,8.5,3.9,13.4,0.484,72570,356.7,0,0.448,38.7,0,0.866
New York,NY,2018,NY2018,2019,1,8.8,3.8,14.1,0.484,77760,350.5,0,0.447,39,0,0.871
New York,NY,2019,NY2019,2019,1,8.8,3.9,14,0.484,81840,358.6,1,0.448,39.2,0,0.876
New York,NY,2020,NY2020,2019,1,8.5,3.7,13.6,0.4855,77400,363.7576398,1,0.4565,39,0,0.87
New York,NY,2021,NY2021,2019,1,7.9,,,,,,1,,,,
North Carolina,NC,2012,NC2012,2019,1,13.2,6.6,20.1,0.482,51600,353.4,0,0.353,37.8,1,0.85
North Carolina,NC,2013,NC2013,2019,1,13,5.8,20.5,0.482,56850,342.2,0,0.355,37.9,1,0.857
North Carolina,NC,2014,NC2014,2019,1,13.6,7.2,20.3,0.481,56590,329.5,0,0.355,38.3,1,0.86
North Carolina,NC,2015,NC2015,2019,1,14,6.5,21.8,0.483,61490,347,0,0.362,38.4,1,0.866
North Carolina,NC,2016,NC2016,2019,1,13.5,6.9,20.5,0.481,64510,372.2,0,0.364,38.7,1,0.873
North Carolina,NC,2017,NC2017,2019,1,14.8,6.5,23.6,0.482,58420,363.7,0,0.369,38.8,0,0.878
North Carolina,NC,2018,NC2018,2019,1,14.4,6.2,23.1,0.481,61690,377.6,0,0.371,38.9,0,0.882
North Carolina,NC,2019,NC2019,2019,1,12.9,5.7,20.6,0.48,69660,371.8,1,0.373,39.1,0,0.886
North Carolina,NC,2020,NC2020,2019,1,13.6,5.5,22.2,0.4815,68120,419.3165002,1,0.381,38.9,0,0.89
North Carolina,NC,2021,NC2021,2019,1,13.2,,,,,,1,,,,
Ohio,OH,2012,OH2012,0,0,13.3,5.4,21.6,0.486,55100,299.7,0,0.191,39.3,1,0.89
Ohio,OH,2013,OH2013,0,0,13.2,5.7,21,0.487,62260,286.2,0,0.194,39.3,1,0.89
Ohio,OH,2014,OH2014,0,0,12.9,5.5,20.5,0.488,60050,284.9,0,0.194,39.4,1,0.89
Ohio,OH,2015,OH2015,0,0,14.2,5.7,23,0.488,64520,291.9,0,0.201,39.3,1,0.897
Ohio,OH,2016,OH2016,0,0,14.7,6.2,23.5,0.489,64770,300.3,0,0.204,39.3,1,0.9
Ohio,OH,2017,OH2017,0,0,14.9,5.5,24.7,0.487,71560,297.5,0,0.208,39.3,1,0.903
Ohio,OH,2018,OH2018,0,0,15.7,6.5,25.3,0.489,71240,279.9,0,0.212,39.5,1,0.907
Ohio,OH,2019,OH2019,0,0,15.4,5.9,25.4,0.489,73650,293.2,0,0.214,39.6,1,0.908
Ohio,OH,2020,OH2020,0,0,14,5.1,23.3,0.4895,68060,308.7601983,0,0.2235,39.5,1,0.91
Ohio,OH,2021,OH2021,0,0,14.6,,,,,,0,,,,
Oklahoma,OK,2012,OK2012,0,0,17.5,7.2,28,0.49,60110,469.3,0,0.319,36.3,1,0.87
Oklahoma,OK,2013,OK2013,0,0,17.3,6.9,27.8,0.49,56630,441.2,0,0.323,36.2,1,0.867
Oklahoma,OK,2014,OK2014,0,0,18.9,8.9,29.1,0.489,57090,406,0,0.323,36.2,1,0.87
Oklahoma,OK,2015,OK2015,0,0,20.2,8.7,32,0.491,56990,422,0,0.333,36.3,1,0.873
Oklahoma,OK,2016,OK2016,0,0,20.9,8.1,34,0.491,61120,449.8,0,0.337,36.4,1,0.878
Oklahoma,OK,2017,OK2017,0,0,19.2,9.2,29.5,0.489,61180,456.2,0,0.341,36.6,1,0.881
Oklahoma,OK,2018,OK2018,0,0,20,8.4,31.8,0.49,62920,466.1,0,0.347,36.7,1,0.884
Oklahoma,OK,2019,OK2019,0,0,20.6,8.1,33.4,0.49,67650,431.8,0,0.35,37,1,0.884
Oklahoma,OK,2020,OK2020,0,0,21.8,9,34.9,0.4925,59150,458.578124,0,0.3605,36.7,1,0.89
Oklahoma,OK,2021,OK2021,0,0,22.1,,,,,,0,,,,
Oregon,OR,2012,OR2012,2015,1,18.5,8.7,28.5,0.495,64290,247.6,0,0.222,38.9,0,0.9
Oregon,OR,2013,OR2013,2015,1,17.7,8.1,27.5,0.493,60110,254,0,0.225,39.1,0,0.897
Oregon,OR,2014,OR2014,2015,1,19.7,8.4,31.2,0.492,71220,232.3,0,0.225,39.3,0,0.9
Oregon,OR,2015,OR2015,2015,1,18.9,9,28.9,0.492,73640,259.8,1,0.233,39.1,0,0.9
Oregon,OR,2016,OR2016,2015,1,18.8,9.1,28.7,0.495,70950,264.6,1,0.237,39.2,0,0.903
Oregon,OR,2017,OR2017,2015,1,19.9,9.3,30.6,0.494,73690,281.8,1,0.242,39.3,0,0.91
Oregon,OR,2018,OR2018,2015,1,20.1,10,30.4,0.494,79950,285.5,1,0.248,39.6,0,0.905
Oregon,OR,2019,OR2019,2015,1,21.5,10.5,32.7,0.492,84760,284.4,1,0.25,39.7,0,0.914
Oregon,OR,2020,OR2020,2015,1,19.6,7.6,31.8,0.4945,86630,291.8773917,1,0.2645,39.5,0,0.91
Oregon,OR,2021,OR2021,2015,1,19.5,,,,,,1,,,,
Pennsylvania,PA,2012,PA2012,0,0,12.9,5,21.2,0.487,64450,348.7,0,0.209,40.5,1,0.89
Pennsylvania,PA,2013,PA2013,0,0,14,5.8,22.6,0.486,67670,335.4,0,0.214,40.6,0,0.892
Pennsylvania,PA,2014,PA2014,0,0,14.2,5.8,23,0.487,66740,314.1,0,0.214,40.7,0,0.89
Pennsylvania,PA,2015,PA2015,0,0,14.8,6.5,23.4,0.486,73100,315.1,0,0.224,40.7,0,0.897
Pennsylvania,PA,2016,PA2016,0,0,15.4,6.7,24.4,0.488,73170,316.4,0,0.227,40.6,0,0.901
Pennsylvania,PA,2017,PA2017,0,0,15.8,7.1,25,0.488,72260,313.3,0,0.233,40.8,0,0.906
Pennsylvania,PA,2018,PA2018,0,0,15.7,6.5,25.3,0.487,74580,306,0,0.237,40.8,0,0.91
Pennsylvania,PA,2019,PA2019,0,0,14.8,6.1,23.8,0.487,80390,306.4,0,0.24,40.8,0,0.91
Pennsylvania,PA,2020,PA2020,0,0,13.3,5.1,21.8,0.4895,79800,389.5174108,0,0.2505,40.9,0,0.91
Pennsylvania,PA,2021,PA2021,0,0,13.9,,,,,,0,,,,
Rhode Island,RI,2012,RI2012,2017,1,10,5,15.3,0.483,69610,252.4,0,0.247,39.8,0,0.86
Rhode Island,RI,2013,RI2013,2017,1,12.6,5.5,20,0.49,69100,257.2,0,0.254,39.9,0,0.859
Rhode Island,RI,2014,RI2014,2017,1,10.5,5.5,15.8,0.484,70920,219.2,0,0.254,39.8,0,0.86
Rhode Island,RI,2015,RI2015,2017,1,11.9,5,19.3,0.484,67430,242.5,0,0.267,39.7,0,0.877
Rhode Island,RI,2016,RI2016,2017,1,11.9,5.9,18.3,0.484,73830,238.9,0,0.272,40.2,0,0.885
Rhode Island,RI,2017,RI2017,2017,1,12.2,5.7,19,0.485,77120,232.2,1,0.278,39.5,0,0.883
Rhode Island,RI,2018,RI2018,2017,1,10,4.4,15.9,0.486,71970,219.1,1,0.285,40,0,0.891
Rhode Island,RI,2019,RI2019,2017,1,11.6,6.3,17.3,0.489,79900,221.1,1,0.295,40.1,0,0.893
Rhode Island,RI,2020,RI2020,2017,1,8.9,,15,0.489,90380,230.8147097,1,0.303,40,0,0.89
Rhode Island,RI,2021,RI2021,2017,1,10.3,,,,,,1,,,,
South Carolina,SC,2012,SC2012,0,0,14.2,6.7,22.2,0.48,55130,558.8,0,0.357,38.3,1,0.85
South Carolina,SC,2013,SC2013,0,0,14.6,5.9,23.7,0.48,53440,508.5,0,0.358,38.6,1,0.856
South Carolina,SC,2014,SC2014,0,0,15.6,7,24.6,0.481,54350,497.7,0,0.358,38.8,1,0.86
South Carolina,SC,2015,SC2015,0,0,15.1,7.3,23.4,0.482,56120,504.5,0,0.36,39,1,0.863
South Carolina,SC,2016,SC2016,0,0,16.4,8,25.4,0.48,65200,501.8,0,0.36,39.1,1,0.866
South Carolina,SC,2017,SC2017,0,0,16.7,7.4,26.5,0.48,64310,506.2,0,0.36,39.4,1,0.874
South Carolina,SC,2018,SC2018,0,0,15.9,6.5,26,0.48,66400,488.3,0,0.362,39.7,1,0.884
South Carolina,SC,2019,SC2019,0,0,16.5,6.3,27.5,0.477,70650,511.3,0,0.363,39.9,1,0.883
South Carolina,SC,2020,SC2020,0,0,16.6,6,28,0.4795,68020,530.6781857,0,0.3675,39.7,1,0.88
South Carolina,SC,2021,SC2021,0,0,15.2,,,,,,0,,,,
South Dakota,SD,2012,SD2012,0,0,16.9,5.8,28,0.499,61360,321.8,0,0.16,36.7,1,0.91
South Dakota,SD,2013,SD2013,0,0,17.4,5.5,29.2,0.502,65530,316.5,0,0.163,36.6,1,0.916
South Dakota,SD,2014,SD2014,0,0,16.5,7.5,25.4,0.5,64170,326.5,0,0.163,36.6,1,0.92
South Dakota,SD,2015,SD2015,0,0,20,10.6,29.4,0.501,66660,383.1,0,0.171,36.9,1,0.911
South Dakota,SD,2016,SD2016,0,0,18.8,8.4,29.1,0.502,68930,418.4,0,0.173,36.8,1,0.912
South Dakota,SD,2017,SD2017,0,0,22,8.6,35.1,0.502,67110,433.6,0,0.175,36.9,1,0.917
South Dakota,SD,2018,SD2018,0,0,18.9,9.8,27.8,0.501,68730,404.7,0,0.184,37.2,1,0.923
South Dakota,SD,2019,SD2019,0,0,20.6,7.3,33.6,0.504,73190,399,0,0.181,37.7,1,0.921
South Dakota,SD,2020,SD2020,0,0,20.8,8.4,33.1,0.5055,79120,501.3906983,0,0.1895,37.2,1,0.92
South Dakota,SD,2021,SD2021,0,0,23.2,,,,,,0,,,,
Tennessee,TN,2012,TN2012,0,0,15.1,6.3,24.5,0.484,53390,643.6,0,0.247,38.2,1,0.85
Tennessee,TN,2013,TN2013,0,0,15.8,6,26.1,0.486,53200,590.6,0,0.249,38.5,1,0.856
Tennessee,TN,2014,TN2014,0,0,15.2,6.1,24.8,0.484,52880,608.4,0,0.249,38.6,1,0.86
Tennessee,TN,2015,TN2015,0,0,16.2,6.8,26.1,0.484,57290,612.1,0,0.255,38.7,1,0.861
Tennessee,TN,2016,TN2016,0,0,16.7,7.4,26.4,0.484,61610,632.9,0,0.256,38.6,1,0.87
Tennessee,TN,2017,TN2017,0,0,17.3,7.5,27.7,0.484,65210,651.5,0,0.259,38.6,1,0.878
Tennessee,TN,2018,TN2018,0,0,17.1,7.9,26.8,0.485,64800,623.7,0,0.262,38.9,1,0.878
Tennessee,TN,2019,TN2019,0,0,17.8,7.9,28.2,0.484,64500,595.2,0,0.264,39,1,0.88
Tennessee,TN,2020,TN2020,0,0,17.7,6.9,29,0.4855,61970,672.7038869,0,0.2705,38.8,1,0.88
Tennessee,TN,2021,TN2021,0,0,17,,,,,,0,,,,
Texas,TX,2012,TX2012,0,0,11.6,4.7,18.6,0.492,64480,408.6,0,0.556,33.9,1,0.81
Texas,TX,2013,TX2013,0,0,11.5,5,18.1,0.492,63070,408.3,0,0.56,34,1,0.819
Texas,TX,2014,TX2014,0,0,12,5.3,18.9,0.491,65170,405.9,0,0.56,34.3,1,0.82
Texas,TX,2015,TX2015,0,0,12.4,5.7,19.2,0.491,68360,412.2,0,0.57,34.4,1,0.824
Texas,TX,2016,TX2016,0,0,12.5,5.5,19.6,0.492,69770,434.4,0,0.575,34.5,1,0.829
Texas,TX,2017,TX2017,0,0,13.3,5.7,21,0.492,70860,438.9,0,0.581,34.7,1,0.836
Texas,TX,2018,TX2018,0,0,13.7,5.7,21.8,0.492,69100,410.9,0,0.586,34.9,1,0.84
Texas,TX,2019,TX2019,0,0,13.4,5.8,21.1,0.491,76820,418.9,0,0.589,35.1,1,0.846
Texas,TX,2020,TX2020,0,0,13.4,5.3,21.5,0.493,77110,446.459848,0,0.598,34.8,1,0.84
Texas,TX,2021,TX2021,0,0,14.2,,,,,,0,,,,
Vermont,VT,2012,VT2012,2016,1,13.9,,24.6,0.496,69010,142.6,0,0.057,42.4,0,0.92
Vermont,VT,2013,VT2013,2016,1,17.7,9.5,26.2,0.493,80370,121.1,0,0.059,42.5,0,0.915
Vermont,VT,2014,VT2014,2016,1,19.8,6.9,33,0.487,73430,99.3,0,0.059,42.8,0,0.92
Vermont,VT,2015,VT2015,2016,1,16.5,,28.2,0.494,72020,118,0,0.064,43.1,0,0.917
Vermont,VT,2016,VT2016,2016,1,18.7,7.6,30.1,0.492,73000,158.3,1,0.065,43.1,0,0.921
Vermont,VT,2017,VT2017,2016,1,17.8,9.2,26.6,0.493,75090,165.8,1,0.069,42.6,1,0.926
Vermont,VT,2018,VT2018,2016,1,20,7.3,33,0.494,80990,172,1,0.071,43.1,1,0.935
Vermont,VT,2019,VT2019,2016,1,17.6,7.9,27.6,0.494,84630,202.2,1,0.072,42.8,1,0.931
Vermont,VT,2020,VT2020,2016,1,18.8,7,30.8,0.495,75810,173.4186577,1,0.083,42.8,1,0.94
Vermont,VT,2021,VT2021,2016,1,20.3,,,,,,1,,,,
Washington,WA,2012,WA2012,2018,1,15,6.4,23.7,0.495,77220,295.6,0,0.283,37.5,0,0.9
Washington,WA,2013,WA2013,2018,1,14.7,7.2,22.2,0.496,78420,289.1,0,0.29,37.4,0,0.901
Washington,WA,2014,WA2014,2018,1,15.8,7.5,24.1,0.497,71450,285.2,0,0.29,37.5,0,0.9
Washington,WA,2015,WA2015,2018,1,15.8,8.7,23,0.497,81400,284.4,0,0.301,37.5,0,0.908
Washington,WA,2016,WA2016,2018,1,15.6,6.8,24.4,0.495,84360,302.2,0,0.305,37.7,0,0.908
Washington,WA,2017,WA2017,2018,1,17.5,8,27,0.496,84360,304.5,0,0.313,37.7,0,0.913
Washington,WA,2018,WA2018,2018,1,16.6,8.4,24.8,0.497,92150,311.5,1,0.321,37.7,0,0.916
Washington,WA,2019,WA2019,2018,1,16.6,7,26.1,0.497,93910,293.9,1,0.325,37.9,0,0.917
Washington,WA,2020,WA2020,2018,1,15.8,7.2,24.3,0.498,91710,293.6982005,1,0.3395,37.8,0,0.92
Washington,WA,2021,WA2021,2018,1,15.3,,,,,,1,,,,
West Virginia,WV,2012,WV2012,0,0,17.6,7.8,27.6,0.49,54080,316.3,0,0.067,41.5,0,0.85
West Virginia,WV,2013,WV2013,0,0,17.4,5.6,29.5,0.491,52840,300.3,0,0.068,41.7,0,0.846
West Virginia,WV,2014,WV2014,0,0,19.4,8.4,30.6,0.492,47840,302,0,0.068,41.9,0,0.85
West Virginia,WV,2015,WV2015,0,0,18.4,7.4,29.7,0.49,51840,337.9,0,0.072,42.2,0,0.86
West Virginia,WV,2016,WV2016,0,0,19.7,8.9,30.8,0.492,53220,358.1,0,0.076,42.3,0,0.86
West Virginia,WV,2017,WV2017,0,0,21.6,9.4,34.1,0.49,55370,350.7,0,0.074,42.4,1,0.871
West Virginia,WV,2018,WV2018,0,0,21.9,8.7,35.3,0.493,58460,289.9,0,0.075,42.8,1,0.878
West Virginia,WV,2019,WV2019,0,0,18.4,8.2,28.8,0.491,61170,316.6,0,0.075,42.9,1,0.871
West Virginia,WV,2020,WV2020,0,0,19.8,7,32.9,0.4925,58580,355.8968101,0,0.0845,42.7,1,0.88
West Virginia,WV,2021,WV2021,0,0,20.6,,,,,,0,,,,
Wyoming,WY,2012,WY2012,0,0,29.7,11.3,47.2,0.504,71410,201.4,0,0.152,36.9,1,0.92
Wyoming,WY,2013,WY2013,0,0,22.1,,37.7,0.504,82740,205.1,0,0.15,36.6,1,0.935
Wyoming,WY,2014,WY2014,0,0,20.5,8.4,32.2,0.507,67360,195.5,0,0.15,36.6,1,0.93
Wyoming,WY,2015,WY2015,0,0,26.8,11.5,41.5,0.495,73750,222.1,0,0.157,36.5,1,0.922
Wyoming,WY,2016,WY2016,0,0,24.6,11.2,37.5,0.505,69390,244.2,0,0.153,37.2,1,0.932
Wyoming,WY,2017,WY2017,0,0,27.1,10.2,43.3,0.509,70200,237.5,0,0.158,37.5,1,0.929
Wyoming,WY,2018,WY2018,0,0,25.4,13.8,36.7,0.504,72290,212.2,0,0.158,38.5,1,0.933
Wyoming,WY,2019,WY2019,0,0,29.4,8.1,49.9,0.509,74190,217.4,0,0.162,38.1,1,0.945
Wyoming,WY,2020,WY2020,0,0,31.3,10.2,51.5,0.5095,73780,234.232254,0,0.1745,38,1,0.94
Wyoming,WY,2021,WY2021,0,0,32.3,,,,,,0,,,,